-- phpMyAdmin SQL Dump
-- version 5.2.1
-- https://www.phpmyadmin.net/
--
-- Servidor: 127.0.0.1
-- Tiempo de generación: 24-10-2024 a las 23:35:41
-- Versión del servidor: 10.4.32-MariaDB
-- Versión de PHP: 8.2.12

SET SQL_MODE = "NO_AUTO_VALUE_ON_ZERO";
START TRANSACTION;
SET time_zone = "+00:00";


/*!40101 SET @OLD_CHARACTER_SET_CLIENT=@@CHARACTER_SET_CLIENT */;
/*!40101 SET @OLD_CHARACTER_SET_RESULTS=@@CHARACTER_SET_RESULTS */;
/*!40101 SET @OLD_COLLATION_CONNECTION=@@COLLATION_CONNECTION */;
/*!40101 SET NAMES utf8mb4 */;

--
-- Base de datos: `vitalclinic`
--

-- --------------------------------------------------------

--
-- Estructura de tabla para la tabla `accounts`
--

CREATE TABLE `accounts` (
  `id_account` int(11) NOT NULL,
  `id_empleado` int(11) NOT NULL,
  `username` varchar(100) NOT NULL,
  `password` text NOT NULL,
  `role_id` int(11) NOT NULL,
  `status` enum('1','2','','') NOT NULL COMMENT '1-Habilitado,2-Inhabilitado'
) ENGINE=InnoDB DEFAULT CHARSET=utf8 COLLATE=utf8_unicode_ci;

--
-- Volcado de datos para la tabla `accounts`
--

INSERT INTO `accounts` (`id_account`, `id_empleado`, `username`, `password`, `role_id`, `status`) VALUES
(5, 133, 'miguelr', '12345', 2, '1'),
(6, 134, 'mvblanco', '26532066', 1, '1'),
(9, 94, 'columba', '3383', 4, '1'),
(11, 137, 'lori', '1245', 2, '1'),
(12, 138, 'edward', '1109', 2, '1'),
(13, 141, 'grego', '2534', 6, '1'),
(14, 40, 'victor_ramirez', '5332', 4, '1'),
(15, 41, 'maga', '12304', 4, '1'),
(16, 19, 'omar', '4300', 2, '1'),
(17, 47, 'isaic.18', '6872', 4, '1'),
(18, 11, 'loren', '3807', 4, '1'),
(19, 143, 'carlosd', '1234', 2, '1'),
(20, 16, 'salgadozzz', '1314', 4, '1'),
(21, 27, 'disanny', '9775', 4, '1'),
(22, 115, 'rosmarvis_ramirez', '7905', 4, '1'),
(23, 58, 'nerielis_palma', '1234', 4, '1'),
(24, 28, 'maritzaqa', '2404', 4, '1'),
(25, 11, 'loren_marcano', '3807', 4, '1'),
(26, 12, 'zaylett_sequea', '3017', 4, '1'),
(27, 21, 'michelle_rondon', '2507', 4, '1'),
(28, 22, 'erika_caraballo', '7491', 4, '1'),
(29, 107, 'angelica_brito', '4593', 4, '1'),
(32, 66, 'maylis_maestre', '5440', 4, '1'),
(33, 73, 'eliany_bravo', '8123', 4, '1'),
(34, 15, 'leonardo_garcia', '1191', 4, '1'),
(35, 30, 'almira_alvarez', '5013', 4, '1'),
(36, 75, 'leandrys_leonett', '5468', 4, '1'),
(37, 95, 'adelianny_gil', '4774', 4, '1'),
(39, 37, 'eliannys_matos', '1445', 4, '1'),
(40, 70, 'genesis_ramos', '8085', 4, '1'),
(41, 27, 'disanny_monagas', '9775', 4, '1'),
(42, 65, 'yordanny_licett', '4649', 4, '1'),
(43, 64, 'luis_bolivar', '1656', 4, '1'),
(44, 13, 'enmanuel_velasquez', '6909', 4, '1'),
(45, 17, 'jesus_carmona', '8807', 4, '1'),
(46, 91, 'jesus_rondon', '2530', 4, '1'),
(47, 18, 'marcelo_gaspar', '9561', 4, '1'),
(48, 23, 'alexander_martinez', '2468', 4, '1'),
(49, 24, 'darwin_alcala', '3943', 4, '1'),
(50, 25, 'yormis_salazar', '3308', 4, '1'),
(51, 29, 'elysaul_coro', '27325137', 4, '1'),
(52, 63, 'fidel_astudillo', '8479', 4, '1'),
(53, 32, 'jorge_garcia', '5739', 4, '1'),
(54, 35, 'roberto_barrios', '3827', 4, '1'),
(56, 41, 'manuel_gonzales', '4065', 4, '1'),
(57, 45, 'alvin_rodriguez', '5576', 4, '1'),
(58, 49, 'jorge_rodriguez', '0312', 4, '1'),
(59, 52, 'jose_medina', '5742', 4, '1'),
(60, 82, 'nelson_lopez', '4761', 4, '1'),
(61, 48, 'roger_villahermosa', '4197', 4, '1'),
(62, 46, 'franklin_ortiz', '4517', 4, '1'),
(63, 50, 'gonzalez_luis', '6222', 4, '1'),
(64, 31, 'rosibel_lira', '1302', 4, '1'),
(65, 71, 'ricardo_larosa', '0505', 4, '1'),
(66, 64, 'Luis-B', '1110', 4, ''),
(68, 62, 'mario_rojas', '12345', 4, '1'),
(69, 224, 'roheli_gonzalez', '4519', 2, '1'),
(70, 80, 'hermes_guerra', '7691', 4, '1'),
(71, 20, 'jampi_rata', '5123', 4, '1'),
(72, 81, 'sanzonetti_robert', '7749', 4, '1'),
(73, 72, 'anthony_rios', '8432', 4, '1'),
(74, 220, 'josue_quijada', '3089', 4, '1'),
(75, 38, 'felcrize_brito', '9813', 4, '1'),
(76, 42, 'jose_cabello', '2512', 4, '1');

-- --------------------------------------------------------

--
-- Estructura de tabla para la tabla `articulos`
--

CREATE TABLE `articulos` (
  `art` bigint(20) NOT NULL,
  `descripcion` text NOT NULL
) ENGINE=InnoDB DEFAULT CHARSET=utf8 COLLATE=utf8_unicode_ci;

-- --------------------------------------------------------

--
-- Estructura de tabla para la tabla `departamento`
--

CREATE TABLE `departamento` (
  `id` int(11) NOT NULL,
  `departamento` varchar(100) NOT NULL
) ENGINE=InnoDB DEFAULT CHARSET=utf8 COLLATE=utf8_unicode_ci;

--
-- Volcado de datos para la tabla `departamento`
--

INSERT INTO `departamento` (`id`, `departamento`) VALUES
(1, 'Almacén'),
(2, 'Depósito'),
(3, 'Devoluciones'),
(4, 'Recepción');

-- --------------------------------------------------------

--
-- Estructura de tabla para la tabla `empleados`
--

CREATE TABLE `empleados` (
  `id` int(11) NOT NULL,
  `cedula` varchar(15) NOT NULL,
  `apellido` varchar(100) NOT NULL,
  `nombre` varchar(100) NOT NULL,
  `status` enum('1','2') NOT NULL COMMENT '1-habilitdo,2-inhabilitado',
  `departamento` int(11) NOT NULL
) ENGINE=InnoDB DEFAULT CHARSET=utf8 COLLATE=utf8_unicode_ci;

--
-- Volcado de datos para la tabla `empleados`
--

INSERT INTO `empleados` (`id`, `cedula`, `apellido`, `nombre`, `status`, `departamento`) VALUES
(9, '30537905', 'RAMIREZ', 'ROSMARVIS', '1', 0),
(10, '25576833', 'FARIAS', 'JOSE', '1', 0),
(11, '30563807', 'MARCANO', 'LOREN', '1', 0),
(12, '15633017', 'SEQUEA', 'ZAYLETT', '1', 0),
(13, '27946909', 'VELASQUEZ', 'ENMANUEL', '1', 0),
(14, '20139224', 'RODRIGUEZ', 'GUSTAVO', '1', 0),
(15, '31511191', 'GARCIA', 'LEONARDO', '1', 0),
(16, '28198149', 'SALGADO', 'JESUS', '1', 0),
(17, '27478807', 'CARMONA', 'JESUS', '1', 0),
(18, '28429561', 'GASPAR', 'MARCELO', '1', 0),
(19, '23534300', 'RODRIGUEZ', 'OMAR', '1', 0),
(20, '25581123', 'ALEXANDER', 'LUGO', '1', 0),
(21, '30982507', 'RONDON', 'MICHELLE', '1', 0),
(22, '26157491', 'CARABALLO', 'ERIKA', '1', 0),
(23, '16517257', 'MARTINEZ', 'ALEXANDER', '1', 0),
(24, '24503943', 'ALCALA', 'DARWIN', '1', 0),
(25, '15903308', 'SALAZAR', 'YORMIS', '1', 0),
(26, '28544551', 'SUBERO', 'ISABELLA', '1', 0),
(27, '28599775', 'MONAGAS', 'DISANNY', '1', 0),
(28, '31303400', 'QUIJADA', 'MARITZABETH', '1', 0),
(29, '27325137', 'CORO', 'ELY SAUL', '1', 0),
(30, '17405013', 'ALVAREZ', 'ALMIRA', '1', 0),
(31, '25431302', 'LIRA', 'ROSIBEL', '1', 0),
(32, '24865739', 'GARCIA', 'JORGE', '1', 0),
(33, '29735524', 'MEDINA', 'ANGEL', '1', 0),
(34, '24511617', 'LOPEZ', 'EDZABETH', '1', 0),
(35, '29843827', 'BARRIOS', 'ROBERTO', '1', 0),
(36, '17708432', 'JARAMILLO', 'ANGELIS', '1', 0),
(37, '26061445', 'MATOS', 'ELIANNY', '1', 0),
(38, '27719813', 'BRITO', 'FELCRIZE', '1', 0),
(39, '25753475', 'RODRIGUEZ', 'DANIEL', '1', 0),
(40, '31625332', 'RAMIREZ', 'VICTOR', '1', 0),
(41, '29914065', 'GONZALEZ', 'MANUEL', '1', 0),
(42, '20312562', 'CABELLO', 'JOSE', '1', 0),
(43, '16516149', 'ALVAREZ', 'JOSE', '1', 0),
(44, '26157804', 'BERMUDEZ', 'YAMIL', '1', 0),
(45, '18825576', 'RODRIGUEZ', 'ALVIN', '1', 0),
(46, '30784517', 'ORTIZ', 'FRANKLIN', '1', 0),
(47, '22966872', 'BOLIVAR', 'ISAIC', '1', 0),
(48, '22714197', 'VILLAHERMOSA', 'ROGER', '1', 0),
(49, '27710312', 'RODRIGUEZ', 'JORGE', '1', 0),
(50, '18236222', 'GONZALEZ', 'LUIS ', '1', 0),
(51, '20140822', 'GUERRA', 'JOSE', '1', 0),
(52, '29735742', 'MEDINA', 'JOSE', '1', 0),
(53, '23534480', 'RODRIGUEZ', 'PEDRO', '1', 0),
(54, '30386615', 'LEON ', 'SEBASTIAN', '1', 0),
(55, '30198536', 'SEQUEA', 'KENYERSON', '1', 0),
(56, '18826648', 'ROJAS', 'JOSE', '1', 0),
(57, '22722906', 'BOLIVAR', 'DENYS', '1', 0),
(58, '23534649', 'PALMA', 'NERIELIS', '1', 0),
(59, '30367839', 'CA?A', 'LUIS', '1', 0),
(60, '21349873', 'TRUJILLO', 'PABLO', '1', 0),
(61, '27946636', 'TRUJILLO', 'SAMUEL', '1', 0),
(62, '24864437', 'ROJAS', 'MARIO', '1', 0),
(63, '25568479', 'ASTUDILLO', 'FIDEL', '1', 0),
(64, '26531656', 'BOLIVAR', 'LUIS', '1', 0),
(65, '30744649', 'LICETT', 'YORDANNY', '1', 0),
(66, '26865440', 'MAESTRE', 'MAYLIS', '1', 0),
(67, '21381040', 'LEZAMA', 'JOSE', '1', 0),
(68, '28608667', 'CASTILLO', 'DEIVIS', '1', 0),
(69, '22618623', 'RIVERO', 'HENDER', '1', 0),
(70, '23818085', 'RAMOS', 'GENESIS', '1', 0),
(71, '26101881', 'LA ROSA', 'RICARDO', '1', 0),
(72, '25428342', 'RIOS', 'ANTHONY', '1', 0),
(73, '25898123', 'BRAVO', 'ELIANY', '1', 0),
(74, '29974595', 'RODRIGUEZ', 'BRYANT', '1', 0),
(75, '31315468', 'LEONETT', 'LEANDRYS', '1', 0),
(76, '26291741', 'VALERA', 'ANDRES', '1', 0),
(77, '26532923', 'ZAMORA', 'JUAN', '1', 0),
(78, '25930478', 'BOUTTO', 'DIEGO', '1', 0),
(79, '30843160', 'DUARTE', 'CARLOS', '1', 0),
(80, '30487691', 'GUERRA', 'HERMES', '1', 0),
(81, '27767449', 'SANZONETTI', 'ROBERT', '1', 0),
(82, '30794761', 'LOPEZ', 'NELSON', '1', 0),
(83, '29642940', 'PEREZ', 'JESUS', '1', 0),
(84, '26212748', 'CHIGUITA', 'ELIEZER', '1', 0),
(85, '16062678', 'VILLARROEL', 'EDGAR', '1', 0),
(86, '19663519', 'MAITA', 'MAITA DANIEL', '1', 0),
(87, '26532072', 'LUNA', 'ANIBAL', '1', 0),
(88, '22722391', 'RODRIGUEZ', 'DENNYS', '1', 0),
(89, '21050078', 'D?ARTHENAY ', 'CARLOS', '1', 0),
(90, '20140012', 'RODRIGUEZ', 'ANTHONY', '1', 0),
(91, '18652530', 'RONDON', 'JESUS', '1', 0),
(92, '30340898', 'HERNANDEZ', 'MIGUEL', '1', 0),
(93, '32051041', 'GUERRA', 'JORGE', '1', 0),
(94, '16176887', 'MARCANO', 'COLUMBA', '1', 0),
(95, '30274774', 'GIL', 'ADELIANNY', '1', 0),
(96, '16174078', 'CHACON', 'JOSE', '1', 0),
(97, '24864537', 'HERNANDEZ', 'MOISES', '1', 0),
(98, '28216052', 'ANTUAREZ', 'GABRIEL', '1', 0),
(99, '14423623', 'SUAREZ', 'MARIANGELA', '1', 0),
(100, '25909211', 'BOLIVAR', 'YENFRINSO', '1', 0),
(101, '27001065', 'RODRIGUEZ', 'JOEL', '1', 0),
(102, '31649963', 'SALAZAR', 'MANUEL', '1', 0),
(103, '19875984', 'BLANCO', 'ALEJANDRO', '1', 0),
(104, '31532286', 'GUERRA', 'ALFREDO', '1', 0),
(105, '30564549', 'BELISARIO', 'DANIELA', '1', 0),
(106, '25049902', 'SCHOLTZ', 'GERALD', '1', 0),
(107, '29974593', 'BRITO', 'ANGELICA', '1', 0),
(108, '26517350', 'RODRIGUEZ', 'STHEFANI', '1', 0),
(109, '28366574', 'GUZMAN', 'CARELYS', '1', 0),
(110, '20919843', 'COLINA', 'BRYAN', '1', 0),
(111, '31419072', 'CARRABS', 'GERARDO', '1', 0),
(112, '30776375', 'PALACIOS', 'JESUS', '1', 0),
(113, '21123356', 'RAMOS', 'CARLOS', '1', 0),
(114, '31532416', 'SANCLER', 'NICOLE', '1', 0),
(115, '25612658', 'RAMIREZ', 'ROSMARIANT', '1', 0),
(116, '17933428', 'DIAZ', 'NORELIS', '1', 0),
(117, '20918219', 'RODRIGUEZ', 'ANGEL', '1', 0),
(118, '29700203', 'VALLENILLA', 'JOSE', '1', 0),
(119, '21689435', 'HERNANDEZ', 'LEANDRO', '1', 0),
(120, '31733641', 'RAMOS', 'LUIS', '1', 0),
(121, '28274888', 'BASILE ', 'RINO', '1', 0),
(122, '31675876', 'CAMACHO', 'MIGUEL', '1', 0),
(123, '26695018', 'SANTA ROSA ', 'EDINSON', '1', 0),
(124, '27559508', 'IDROGO BRITO', 'ERWIN', '1', 0),
(125, '30117905', 'CONTRERAS', 'FERNANDO', '1', 0),
(126, '12538556', 'HERRERA ', 'ARISTIDES', '1', 0),
(127, '29549086', 'ZARAGOZA', 'JOSE', '1', 0),
(128, '25026142', 'SALAZAR', 'JOSE', '1', 0),
(129, '26650214', 'PEREZ', 'LUIS', '1', 0),
(130, '25282878', 'CEDE?O', 'CARLOS', '1', 0),
(131, '25452974', 'CORTEZ', 'DANIEL', '1', 0),
(132, '27325306', 'AGUILAR', 'IVAN', '1', 0),
(133, '23896869', 'Miguel', 'Rengel', '1', 0),
(134, '26532066', 'Manuel', 'Blanco', '1', 0),
(136, '258', 'merm', 'merm', '1', 0),
(137, '15428456', 'Loribethsy', 'Vallenilla', '1', 0),
(138, '26643239', 'edward', 'santamaria', '1', 0),
(141, '21419724', 'Gregorio', 'Alvarez', '1', 0),
(143, '041029', 'Carlos', 'De La Guardia', '1', 0),
(151, '32578732', 'REBECA ', 'DE SOUSA', '1', 0),
(153, '20023982', 'JOSE MIGUEL ', 'MARQUEZ', '1', 0),
(154, '30368144', 'NOHELIMAR', 'GUZMAN ', '1', 0),
(219, '31330432', 'JESUS', 'VELIZ', '1', 0),
(220, '27783089', 'JOSUE', 'QUIJADA', '1', 0),
(223, '30879407', 'roximar', 'antuarez', '1', 0),
(224, '18174519', 'Roheli', 'Gonzalez', '1', 0),
(225, '28049121', 'JONAS', 'ANGULO', '1', 0),
(230, '22618629', 'NELSON', 'BARRETO', '1', 0),
(232, '31011806', 'ABRAHAN ', 'LOPEZ', '1', 0),
(233, '18387709', 'FEDERICO ', 'NUÑEZ', '1', 0),
(234, '17722769', 'JESUS ', 'OLIMPIO', '1', 0),
(235, '16374078', 'YIMI ', 'ROMERO', '1', 0),
(236, '23534265', 'LUIS ', 'LOZADA', '1', 0),
(237, '28429604', 'DOUGLAS ', 'GIL', '1', 0);

-- --------------------------------------------------------

--
-- Estructura de tabla para la tabla `entrada_existencia_lotes_productos`
--

CREATE TABLE `entrada_existencia_lotes_productos` (
  `id` int(11) NOT NULL,
  `id_lote` int(11) NOT NULL,
  `fecha_ingreso` date NOT NULL,
  `cantidad` int(11) NOT NULL,
  `id_accounts` int(11) NOT NULL
) ENGINE=InnoDB DEFAULT CHARSET=utf8 COLLATE=utf8_unicode_ci;

-- --------------------------------------------------------

--
-- Estructura de tabla para la tabla `fallas_despachador`
--

CREATE TABLE `fallas_despachador` (
  `id` bigint(20) NOT NULL,
  `despachador` int(11) NOT NULL,
  `id_pedido_d_r_e` bigint(20) NOT NULL,
  `motivo` int(11) NOT NULL,
  `descripcion` text NOT NULL,
  `fecha` datetime NOT NULL
) ENGINE=InnoDB DEFAULT CHARSET=utf8 COLLATE=utf8_unicode_ci;

--
-- Volcado de datos para la tabla `fallas_despachador`
--

INSERT INTO `fallas_despachador` (`id`, `despachador`, `id_pedido_d_r_e`, `motivo`, `descripcion`, `fecha`) VALUES
(70, 103, 125, 3, 'trajo candesartan 8mg x 30 la sante ', '2024-10-14 15:19:59'),
(71, 103, 125, 3, 'AZITROMICINA 500MG X 5 TAB. LA SANTE', '2024-10-14 15:22:41'),
(78, 41, 159, 3, ' TRAJO: GENLET 200MG X 10', '2024-10-14 15:50:56'),
(80, 16, 140, 3, 'Debió traer quinchoncho de arcoiris', '2024-10-14 15:55:55'),
(82, 16, 140, 3, 'debió traer clorace de 20tab', '2024-10-14 16:15:56'),
(83, 61, 181, 3, 'kapet 75mg x 30 era Kapet 75mg x 14', '2024-10-14 16:41:55'),
(84, 72, 196, 3, 'trajo clarasol en ves de budecort', '2024-10-14 17:02:04'),
(85, 127, 239, 3, 'Trajo: Hioscina n- butilbromuro 10 mg x 20 tab', '2024-10-14 17:04:27'),
(86, 127, 239, 3, 'Trajo: Hioscina n- butilbromuro 10 mg x 20 tab', '2024-10-14 17:04:29'),
(88, 131, 222, 3, '\r\nfitex 5mg x 10tbs x el de 5mgx 30t5bs', '2024-10-14 17:22:11'),
(89, 93, 161, 3, 'SUTURA CATGUT CROMICO 0 / 124T 1/2 26 MM 70 CM X 12 UND BRIX MEDIC\r\n', '2024-10-14 20:25:51'),
(90, 93, 161, 1, 'HIDROCORTISONA 500 MG SOLUCION INYECTABLE I.M / I.V X 10 AMPOLLAS VITALIS', '2024-10-14 20:30:11'),
(91, 125, 323, 3, 'LOSARTANA POTASSICA EUROFARMA', '2024-10-14 21:16:49'),
(92, 51, 334, 1, 'CITRATO DE POTASIO 10 % (FRESA) 240 ML LAB F.S.I', '2024-10-14 22:26:05'),
(93, 51, 334, 3, 'BROMEXINA 4 MG / 5 ML JARABE 120 ML QUIM-FAR', '2024-10-14 22:26:42'),
(94, 51, 334, 3, 'BROMEXINA 8 MG / 5 ML JARABE 120 ML QUIM-FAR', '2024-10-14 22:27:14'),
(95, 51, 334, 1, 'FLUCONAZOL 150 MG X 2 CAPSULAS GENCER', '2024-10-14 22:27:44'),
(96, 51, 334, 1, 'SULIXTRA DUO 0.4 MG - 0.5 MG  X 10 CAPSULAS L.P', '2024-10-14 22:28:13'),
(97, 51, 334, 1, 'TINIDAZOL 500 MG X 4 TABLETAS DROTAFARMA', '2024-10-14 22:28:43'),
(98, 51, 334, 3, 'TREXAMED 500 MG X 10 TAB ACIDO TRANEXAMICO  (ASIA)', '2024-10-14 22:29:14'),
(99, 82, 227, 3, 'ALCOHOL ANTISEPTICO 70% CON ATOMIZADOR 120 ML EL GUARDIAN', '2024-10-14 23:28:44'),
(100, 129, 435, 1, 'azufre en polvo 20g biofarco faltaron \r\n', '2024-10-15 08:37:59'),
(101, 132, 272, 3, 'MISULVAN 30 MG / 5 ML JARABE ADULTO 120 ML POR MISULVAN FORTE 30 - 5 MG JARABE ADULTO 120 ML', '2024-10-15 08:49:10'),
(102, 51, 420, 3, 'trajo ESOMEPRAZOL 20 MG X 20 TABLETAS COLMED por ESOMEPRAZOL 40 MG X 20 TABLETAS COLMED', '2024-10-15 08:54:09'),
(103, 51, 420, 3, 'trajo dos OMEPRAZOL 20MG X 30 CAP GENVEN por OLMESARTAN MEDOXOMIL 20 MG X 30 COMPRIMIDOS GENVEN', '2024-10-15 08:56:07'),
(104, 89, 418, 1, 'Cianocobalamina B12 0.1mg solucion inyectable Biosano', '2024-10-15 09:05:17'),
(105, 51, 420, 3, 'trajo DEXAMETASONA 8 MG / 2ML SOLUCION INYECTABLE I.M / I.V X1 AMPOLLA BIOSANO por DEXAMETASONA 4 MG / 1 ML SOLUCION INYECTABLE I.M / I.V X 1 AMPOLLA BIOSANO', '2024-10-15 09:08:57'),
(106, 132, 434, 3, 'venda de yeso ortoban 6 x 3 yds invertida x la de 12', '2024-10-15 09:11:32'),
(107, 89, 418, 2, 'valsartan 80mg x 30 ', '2024-10-15 09:20:11'),
(108, 89, 418, 2, 'valsartan 80mg x 30 ', '2024-10-15 09:20:14'),
(109, 89, 418, 2, 'valsartan 80mg x 30', '2024-10-15 09:20:45'),
(110, 89, 418, 3, 'Era Dolak 10mg x 20 y trajo Dolak 20mg x 10', '2024-10-15 09:23:50'),
(111, 38, 456, 3, 'trajo ALIVET GRANULADO SABOR LIMON X 6 SOBRES por ALIVET NOCHE FORTE 10 G X 6 SOBRES ', '2024-10-15 09:35:43'),
(112, 38, 456, 3, 'trajo 5 UNIDADES de AMPICILINA 1G - SULBACTAM 0.5 GR I.V - I.M X 10 AMPOLLAS DROTAFARMA por AMPICILINA SULBACTAM 1.5 G SOLUCION INYECTABLE I.M - I.V X 1 AMPOLLA KMPLUS', '2024-10-15 09:46:24'),
(113, 219, 432, 3, 'olmesartan medoxomil 20mg x 30tbs genven incertido x omeprazol 20mg x 30tbs genven', '2024-10-15 09:48:36'),
(114, 120, 437, 3, 'trajo BLOCAX PLUS 16 MG -12.5 MG X 10 TABLETAS  por BLOCAX 16 MG X 10 TABLETAS ', '2024-10-15 10:23:46'),
(115, 88, 424, 1, 'Cortynase 0.05% 80Dosis (no iba en el pedido)', '2024-10-15 10:26:58'),
(116, 88, 424, 3, 'Rosuvastatina 20mg x 30Tab Spefar por Rivaroxaban 20mg x 30Tab Spefar', '2024-10-15 10:30:33'),
(117, 151, 451, 3, ' 6 acido folico gotas ped. gencer. invertidas po lasde meyer ', '2024-10-15 10:43:14'),
(118, 223, 595, 2, 'trajo 4+  AMOXIDUO  875 MG X 14 COMPRIMIDOS MEGALABS ', '2024-10-15 14:01:42'),
(119, 102, 538, 3, 'zudenina crema x gel', '2024-10-15 14:22:37'),
(120, 38, 503, 3, 'Gulaper 100 mg/ 5 ml jarabe pediatrico 120 ml', '2024-10-15 14:46:26'),
(121, 102, 538, 3, 'debio traer ferganic folic x 30 tab', '2024-10-15 14:58:23'),
(122, 154, 578, 3, 'Trajo: Alcohol x 120ml el guardian', '2024-10-15 15:01:58'),
(123, 23, 614, 3, 'Trajo: Metsiglin 500-50 x 30', '2024-10-15 15:35:16'),
(124, 130, 657, 2, 'trajo 2+ de CETIRIZINA 10 MG X 10 TABLETAS BUKA', '2024-10-15 15:49:48'),
(125, 80, 680, 3, 'trajo lacridos 15ml en vez de clarasol 15ml', '2024-10-15 16:11:08'),
(126, 76, 756, 3, 'DESLORATADINA 5 MG X 10 TABLETAS LAND POR DEXAMETASONA 4 MG X 10 TABLETAS LAND', '2024-10-15 16:21:54'),
(127, 230, 816, 3, 'trajo carvedilol 12.5mg x 20 tabl kimiceg', '2024-10-15 16:23:07'),
(128, 223, 550, 1, 'tensiometro digital de brazo tensus 1200 ref. dv320203 x 1  und dovant', '2024-10-15 16:27:09'),
(129, 223, 550, 1, 'pura + ferula para dedo flex x 1 und ref 4451', '2024-10-15 16:27:50'),
(130, 223, 550, 3, 'fomentera electrica x 1 und bialy', '2024-10-15 16:28:22'),
(131, 89, 795, 2, 'trajo 1+ de  ACTIVA 21 X 21 GRAGEAS FAES FARMA', '2024-10-15 16:32:13'),
(132, 80, 824, 1, 'seis CIPROFLOXACINO 500 MG X 10 TABLETAS ANGELUS', '2024-10-15 16:50:52'),
(133, 60, 802, 2, 'Frorent 200mg x 4 sobres cifarma ', '2024-10-15 16:56:49'),
(134, 112, 831, 3, 'JELCO  I.V 24 G X 50 UNIDADES VEINCARE', '2024-10-15 17:05:31'),
(135, 112, 831, 3, 'JELCO  I.V 22 G X 50 UNIDADES VEINCARE', '2024-10-15 17:05:47'),
(136, 55, 796, 2, '4+ de LOPERAMIDA 2 MG X 10 TABLETAS LAND', '2024-10-15 17:08:43'),
(137, 38, 798, 1, 'LOPERAMIDA 2 MG X 10 TABLETAS LAND', '2024-10-15 19:52:19'),
(138, 45, 981, 1, 'LINOFEME 0.15 MG - 0.03 MG X 21 COMPRIMIDOS', '2024-10-15 20:31:53'),
(139, 84, 995, 1, 'DOTRON 50 MG X 20 TABLETAS (1)', '2024-10-15 20:52:27'),
(140, 117, 1013, 3, 'DISPROMED CORRECTOR DE POSTURA O SOP CLAVICULA TALLA XL', '2024-10-15 23:04:36'),
(141, 49, 928, 1, 'MAGNESIO GLICINATO X 60 CAPSULAS ARCOIRIS', '2024-10-16 00:03:37'),
(142, 24, 698, 1, 'MIOVIT SOLUCION ORAL GOTAS PEDIATRICO 20 ML', '2024-10-16 00:35:40'),
(143, 24, 698, 1, 'BAYCOMED CREMA USO TOPICO 20 GR', '2024-10-16 00:36:04'),
(144, 151, 1054, 3, 'muproban 2 % unguento 15 gr', '2024-10-16 09:12:48'),
(146, 55, 1077, 3, 'trajo JERINGA 60 CC TIPO TOMMY (SIN AGUJA) CON ROSCA X 1 UND GROSSMED por JERINGA 60 CC TIPO TOMMY (SIN AGUJA) CON PICO X 1 UNID GROSSMED', '2024-10-16 11:09:45'),
(147, 232, 1090, 2, 'trajo 1+ de SONDA LEVIN # 16 X 1 UND REF SOLE16  PRONTOMEDICA', '2024-10-16 11:27:43'),
(148, 106, 1074, 1, 'faltaron los 4 TERAGRIP FORTE 650 MG - 20 MG - 2 MG X 6 SOBRES 10 GR', '2024-10-16 14:00:22'),
(149, 223, 1085, 1, 'preveral con dextrometorfano jarabe 120ml', '2024-10-16 14:32:17'),
(150, 223, 1085, 1, 'promedina 2 7.5/5ml solucion oral 120ml', '2024-10-16 14:33:00'),
(152, 87, 1068, 2, 'trajo 1+ de POLI-OTICO SOLUCION GOTAS 5 ML ', '2024-10-16 15:21:19'),
(153, 87, 1068, 1, 'JERINGA 1 CC CON AGUJA 27 G X 1/2 X 100 UNIDADES GROSSMED', '2024-10-16 15:22:22'),
(154, 87, 1068, 3, 'trajo VENDA ELASTICAS AJUSTABLES  10 CM X 4 M (BLANCA) X 1 UND GROSSMED por VENDA ELASTICAS AJUSTABLES MAX 10 CM X 4 M (BLANCA) X 1 UNIDAD GROSSMED', '2024-10-16 15:23:44'),
(155, 87, 1068, 3, 'trajo VENDA ELASTICAS AJUSTABLES 12 CM X 4 M (BLANCA) X 1 UND GROSSMED por VENDA ELASTICAS AJUSTABLES MAX 12 CM X 4 M (BLANCA) X 1 UND GROSSMED', '2024-10-16 15:25:20'),
(156, 87, 1068, 3, 'trajo VENDA ELASTICAS AJUSTABLES  15 CM X 4 M (BLANCA) X 1 UND GROSSMED por VENDA ELASTICAS AJUSTABLES MAX 15 CM X 4 M (BLANCA) X 1 UND GROSSMED', '2024-10-16 15:26:34'),
(157, 130, 1165, 1, 'AMOXICILINA 250 MG/ML POLVO PARA SUSPENSION COASPHARMA 100 ML', '2024-10-16 16:22:31'),
(158, 130, 1165, 1, 'MELIVAR 10 MG X 30 TABLETAS', '2024-10-16 16:33:24'),
(160, 124, 1218, 3, 'MIPAX 1MG X 30 COMPRIMIDOS', '2024-10-16 19:20:31'),
(161, 77, 1324, 3, 'SOLUMAR SOLUCION HIPERTONICA 30 ML', '2024-10-17 08:24:04'),
(162, 119, 1287, 1, '4 neurixa 150mg x14 tabl', '2024-10-17 08:41:30'),
(163, 117, 1325, 3, 'NAS 0.1% SOLUCION NASAL ADULTO X 15 ML POR NAS 0.05% SOLUCION NASAL PEDIATRICO 15 ML', '2024-10-17 09:06:56'),
(164, 89, 1323, 1, 'acido salicilico quitacaloos unguento 8g lya', '2024-10-17 09:13:09'),
(165, 89, 1323, 1, 'perten 1% sol topico 30ml ', '2024-10-17 09:13:50'),
(166, 89, 1323, 1, 'perten 1% sol topico 30ml ', '2024-10-17 09:13:50'),
(167, 89, 1323, 1, 'rehidrosol suero sabor frambuesa 600ml ', '2024-10-17 09:14:32'),
(168, 89, 1323, 1, 'pedialyte coco con zync 500ml ', '2024-10-17 09:15:30'),
(169, 89, 1323, 3, 'megnesio plus life x 60 capsulas walife', '2024-10-17 09:16:19'),
(170, 154, 1334, 3, 'trajo ibutanmigra x 20tabl', '2024-10-17 09:16:28'),
(171, 89, 1323, 1, 'duroval 50mg x 1 tabs ', '2024-10-17 09:16:57'),
(172, 89, 1323, 3, 'dorixina flex 125mg - 5mg x 10tabs x la de 5tabs', '2024-10-17 09:17:57'),
(173, 89, 1323, 3, 'Miovit x 3 ampollas x el neuromix', '2024-10-17 09:18:42'),
(174, 89, 1323, 3, 'Miovit x 3 ampollas x el neuromix', '2024-10-17 09:18:42'),
(175, 52, 1314, 3, 'Trajo: Lamedor compuesto jarabe x 120 ml', '2024-10-17 09:19:56'),
(176, 77, 1235, 3, 'Propanolol 10mg x 20 Biotech era Propanolol 40mg x 20', '2024-10-17 09:21:45'),
(177, 52, 1314, 3, 'Trajo: Betadex G 15 gr Liali', '2024-10-17 09:27:29'),
(178, 77, 1235, 1, 'Iliana 600mg x 3 capsulas vaginales', '2024-10-17 09:30:38'),
(179, 105, 1343, 3, 'trajo bloksol tono oscuro', '2024-10-17 10:28:38'),
(180, 16, 1338, 3, 'Clenbuterol 0.01mg / 5ml sol oral 120ml x el mismo de 0.005', '2024-10-17 10:36:06'),
(181, 223, 1341, 3, 'carvedilol 25mg x 20 tbas x la misma de 12.5tab y 6.25', '2024-10-17 10:49:43'),
(182, 223, 1341, 3, 'carvedilol 25mg x 20 tbas x la misma de 12.5tab y 6.25', '2024-10-17 10:49:43'),
(183, 223, 1341, 3, 'carvedilol 25mg x 20 tbas x la misma de 12.5tab y 6.25', '2024-10-17 10:49:43'),
(184, 64, 1342, 3, 'Lidocaina 2% con adrenalina X 1 cart 5 unidades tiares lo tarjo x 1 unidad', '2024-10-17 11:15:23'),
(185, 64, 1342, 3, 'Lidocaina 2% con adrenalina X 1 cart 5 unidades tiares lo tarjo x 1 unidad', '2024-10-17 11:15:23'),
(190, 78, 1410, 3, 'trajo GASA ESTERIL 3 X 3 X 50 SOBRES IM-SUMEDICAL por GASA ESTERIL 4 X 4 X 50 SOBRES IM-SUMEDICAL                                                                                                                              ', '2024-10-17 13:46:56'),
(191, 106, 1335, 3, 'loganil jarabe pediatrico 120ml x adulto', '2024-10-17 13:52:04'),
(192, 109, 1355, 3, 'trajo 5 Milax de 360gr y le pedian 5 Milax de 120gr', '2024-10-17 13:52:51'),
(193, 223, 1366, 3, 'ketoprofeno100mg / 2 ml sol iny i.m amp. cofasa x la de tabletas ', '2024-10-17 13:55:53'),
(194, 74, 1444, 3, 'Trajo: Clobetasol 20gr calox', '2024-10-17 14:33:38'),
(195, 223, 1449, 1, 'bio gel gel ultrasonido 250ml hmd falto 1', '2024-10-17 14:39:00'),
(196, 111, 1471, 2, 'levofloxacino 750 mg x 5 calox', '2024-10-17 15:23:04'),
(198, 106, 1460, 2, '6 gencivol demás ', '2024-10-17 15:43:39'),
(199, 101, 1448, 2, 'trajo taloneras punta azul gel pura+, una de mas', '2024-10-17 16:05:24'),
(200, 77, 1513, 3, 'ADHESIVO QUIRURGICO BLANCO 1.25 CM X 5 YDAS X 1 UNIDAD GDG X EL DE 2.5', '2024-10-17 16:06:57'),
(201, 77, 1513, 3, 'FEBRIP 650 MG X 14 COMPRIMIDOS X EL DE 7 COMP', '2024-10-17 16:10:09'),
(203, 131, 1565, 3, 'Le pedian Madecassol en polvo de 5gr y trajo de 10gr', '2024-10-17 16:31:04'),
(204, 151, 1415, 2, 'trajo 2+de BACTRON FORTE 160 MG  - 800 MG X 10 TABLETAS RONAVA', '2024-10-17 16:34:16'),
(205, 104, 1528, 3, 'Trajo: RHELEN arnica plus cristal 250gr', '2024-10-17 16:56:19'),
(206, 104, 1528, 2, 'Tubo de extension k-50 grossmed', '2024-10-17 16:56:55'),
(207, 129, 1562, 3, 'ibuprofeno 600mg x 10 comprimidos genven', '2024-10-17 17:02:31'),
(208, 82, 1482, 1, 'velipro 500mg x 30tab asia faltaron 5', '2024-10-17 17:10:22'),
(209, 82, 1482, 3, 'diaformina 500mg x 30 tab x la de 850mg', '2024-10-17 17:11:09'),
(210, 82, 1482, 3, 'dolak 10mg x 20 x el mismo de 20mg x 10', '2024-10-17 17:11:55'),
(211, 82, 1482, 3, 'durocof 5mg x 30tabs', '2024-10-17 17:12:45'),
(212, 20, 1481, 3, 'perten 1% spray 30ml x el de sol', '2024-10-17 17:13:32'),
(213, 20, 1481, 3, 'coropres hct 8mg-12.5mg x 30tab', '2024-10-17 17:14:15'),
(214, 20, 1481, 3, 'diacereina 50mg x 30 angelus ', '2024-10-17 17:14:53'),
(215, 105, 1483, 1, 'fanactel 1% sol toipica 20ml leti ', '2024-10-17 17:15:34'),
(216, 88, 1579, 3, 'TICALOR 90 MG X 60 COMPRIMIDOS FC PHARMA', '2024-10-17 17:47:14'),
(217, 52, 1643, 3, 'trajo clenbunal en vez de clenbuxol', '2024-10-17 17:51:05'),
(218, 119, 1780, 3, 'SULIXTRA 0.4 MG X 30 CAPSULAS L.P', '2024-10-17 20:24:04'),
(220, 17, 1724, 1, 'ACETAMINOFEN 650 MG X 10 TABLETAS GENVEN', '2024-10-17 21:03:59'),
(221, 53, 1813, 1, 'faltante', '2024-10-17 21:22:11'),
(222, 54, 1821, 3, 'ACETAMINOFEN 650 MG X 10 TABLETAS GENVEN', '2024-10-17 21:24:12'),
(223, 88, 1694, 3, 'NAS 0.05% SOLUCION NASAL PEDIATRICO 15 ML\r\n', '2024-10-17 22:25:27'),
(224, 88, 1694, 3, 'MISULVAN COMPUESTO JARABE PEDIATRICO 120 ML', '2024-10-17 22:25:54'),
(225, 74, 1665, 1, 'faltantante pito clinico', '2024-10-17 22:57:40'),
(226, 230, 1860, 3, 'DALPAS 5 MG X 30 TABLETAS', '2024-10-18 08:28:21'),
(227, 219, 1728, 1, 'tantum 0.15% sol topica bucal spray 45ml, no lo trajo', '2024-10-18 10:51:04'),
(228, 219, 1728, 1, 'guantes de latex x 100 unid t l grossmed, no lo trajo.', '2024-10-18 10:51:54'),
(229, 131, 1727, 3, 'carvedilol 6.25mg x 15tbs genvenx el mismo de 30tbs', '2024-10-18 10:53:02'),
(230, 131, 1727, 1, 'clopidrogel 75mg x 30tabs angelus, no lo trajo.', '2024-10-18 10:54:02'),
(231, 153, 1893, 3, 'miovit sol. iny. kit  1 amp. 3ml', '2024-10-18 14:35:18'),
(232, 230, 1949, 3, 'diclofenac potasico genven 50mgx10mg por el de calox ', '2024-10-18 16:30:50'),
(233, 125, 1968, 3, 'Le pedian HIOSCINA N - BUTILBROMURO 10 MG X 10 TABLETAS COASPHARMA, y trajo HIOSCINA N - BUTILBROMURO 10 MG X 20 TABLETAS COASPHARMA', '2024-10-18 16:51:29'),
(234, 130, 1928, 3, 'trajo KOTEX PROTECTORES DIARIOS ANTIBACTERIAL X 50 UNIDADES por KOTEX PROTECTORES DIARIOS KOTEX X 50 UNIDADES', '2024-10-18 17:14:44'),
(235, 51, 2035, 1, '2- de OMEGA 3 1000 MG X 30 CAPSULAS NOW  ', '2024-10-19 09:03:16'),
(236, 125, 1981, 3, 'Trajo: Amlodipina 10mg x 30 tab. Genven', '2024-10-19 09:04:07'),
(237, 89, 1945, 1, 'Sitagliptina metformina x 30 tab Angelus', '2024-10-19 09:22:28'),
(238, 55, 2127, 3, 'Le pedian SITAGLIS MET 50 MG - 500 MG X \r\n30 TABLETAS LETI y trajo SITAGLIS MET 50 MG - 500 MG X 10 TABLETAS LETI', '2024-10-19 09:42:09'),
(239, 101, 2091, 1, 'OVERSKIN CHAMPU/GEL BAÑO 2 EN 1 PARA BEBES', '2024-10-19 11:04:12'),
(240, 101, 2091, 3, 'NITROFURANTOINA DE CLEO 5MG', '2024-10-19 11:05:10'),
(241, 37, 2146, 3, 'ADHESIVO MICROPORE 2X 10 YDS', '2024-10-19 11:41:26'),
(242, 125, 2008, 2, 'trajo 1+ de GLICERINA 30 ML SOMA', '2024-10-19 12:10:38'),
(243, 125, 2008, 3, 'trajo 4 OLMESARTAN MEDOXOMIL 20 MG X 30 COMPRIMIDOS GENVEN por OLMESARTAN MEDOXOMIL 40MG X 30 COMPRIMIDOS GENVEN', '2024-10-19 12:12:12'),
(244, 125, 2008, 3, 'trajo SECUREZZA CLASSIC PAÑAL ADULTO TALLA L X 6 UNIDADES por SECUREZZA COMFORT PAÑAL ADULTO TALLA L', '2024-10-19 13:55:46'),
(245, 125, 2008, 3, 'trajo SECUREZZA CLASSIC PAÑAL TALLA M X 6 UNIDADES por SECUREZZA COMFORT PAÑAL ADULTO TALLA M', '2024-10-19 13:56:52'),
(246, 102, 2199, 2, 'Aminofilina 250 mg /10 ml biosano (ampollas)', '2024-10-19 14:08:56'),
(247, 102, 2202, 3, 'trajo carvedilol 12,5mg x15tabl', '2024-10-19 14:49:30'),
(248, 96, 2230, 1, 'Azitromicina200mg 5ml susp oral 15 ml coaspharma', '2024-10-19 14:56:21'),
(249, 124, 2246, 2, 'claritromicina drotafarma 2', '2024-10-19 15:06:18'),
(250, 124, 2246, 1, 'sultamicilina 30ml land', '2024-10-19 15:06:48'),
(251, 234, 2213, 3, 'metformina 500mg x 28tabs morocho calox x el no morocho', '2024-10-19 15:08:44'),
(252, 230, 2226, 3, ' Trajo: Amlodipina 5mg x 30tab', '2024-10-19 15:23:37'),
(253, 130, 2253, 2, 'metformina genven', '2024-10-19 15:30:59'),
(254, 112, 2173, 3, 'PENICILINA 6.3.3 SOL. INY. X 1 AMP EL MORRO', '2024-10-19 15:34:25'),
(255, 132, 2318, 3, 'Trajo: Acetaminofen Tramadol x 30 calox', '2024-10-19 16:44:06'),
(256, 101, 2193, 3, 'trajo BLOCAX PLUS 16 MG -12.5 MG X 30 TABLETAS por BLOCAX PLUS 16 MG -12.5 MG X 10 TABLETAS', '2024-10-19 16:44:40'),
(257, 101, 2193, 3, 'trajo SITAGLIS MET 50 MG - 500 MG X 10 TABLETAS LETI por SITAGLIS MET 50 MG - 500 MG X 30 TABLETAS', '2024-10-19 16:45:51'),
(258, 101, 2193, 3, 'trajo CRISOMET 50 MG / 850 MG  X 30 TABLETAS por CRISOMET 50 MG / 500 MG X 30 TABLETAS', '2024-10-19 16:46:46'),
(259, 101, 2193, 2, 'trajo 2+ de TYPIREC 4 EN 1 DIA / NOCHE X 10 CAPSULAS ', '2024-10-19 16:47:36'),
(260, 101, 2193, 3, 'trajo VITAMINA E 400 UI X 30 CAPSULAS VIVAX  por VITAMINA E 400 UI X 30 CAPSULAS BLANDAS DROTAFARMA', '2024-10-19 16:48:29'),
(261, 101, 2193, 3, 'trajo SOLUMAR SOLUCION HIPERTONICA 30 ML por SOLUMAR SOLUCION HIPERTONICA 60 ML', '2024-10-19 16:49:17'),
(262, 101, 2193, 1, 'los 2 KEMAGEL AMORPHOUS GEL (QUEMADURAS GRAVES) 30 GR TUBO PHARMAPLAST', '2024-10-19 16:50:15'),
(263, 16, 2301, 3, 'venda elastica eben 10cm x 2 x 1und x la economica', '2024-10-19 16:51:24'),
(264, 16, 2301, 3, 'venda elastica eben 15cm x 2mx 1und x la economica', '2024-10-19 16:52:02'),
(265, 16, 2301, 3, 'venda elastica eben 5cm x 2m x la economica', '2024-10-19 16:52:37'),
(266, 88, 2348, 3, 'Trajo: cefalexina 500x 10 kmplus', '2024-10-19 16:54:30'),
(267, 104, 2352, 3, 'budecort gotas x budenas ', '2024-10-19 17:11:48'),
(268, 77, 2356, 1, 'INOSITOL 500 MG X 100 CAPSULAS NOW', '2024-10-19 20:22:52'),
(269, 77, 2356, 3, 'DICLOFENAC POTASICO 100 MG X 10 TABLETAS DROTAFARMA', '2024-10-19 20:23:12'),
(270, 77, 2356, 1, 'RAMIPRES 2.5 MG X 30 TABLETAS', '2024-10-19 20:23:35'),
(271, 77, 2356, 1, 'CLOTRIMAZOL 2 % CREMA VAGINAL 30 GR TIARES', '2024-10-19 20:23:55'),
(272, 102, 2465, 1, 'cefonax 500mgx16capsula', '2024-10-20 10:50:21'),
(273, 122, 2519, 1, 'VITAMINA C SABOR CHICLE 500 MG X 100 TABLETAS LA SANTE', '2024-10-20 15:43:24'),
(274, 105, 2495, 3, 'diclofenac potasico 50mg - 10 tabs kmplus x genven ', '2024-10-20 15:57:10'),
(275, 102, 2492, 3, 'trajo evigax 125mgx20tabl', '2024-10-20 16:08:27');

-- --------------------------------------------------------

--
-- Estructura de tabla para la tabla `lotes`
--

CREATE TABLE `lotes` (
  `id` int(11) NOT NULL,
  `descripcion_lote` text NOT NULL,
  `art` bigint(20) NOT NULL,
  `fecha_venc` date NOT NULL,
  `existencia_total` int(11) NOT NULL
) ENGINE=InnoDB DEFAULT CHARSET=utf8 COLLATE=utf8_unicode_ci;

-- --------------------------------------------------------

--
-- Estructura de tabla para la tabla `mesas_rechequeadoras`
--

CREATE TABLE `mesas_rechequeadoras` (
  `id` int(11) NOT NULL,
  `num_mesa` int(11) NOT NULL
) ENGINE=InnoDB DEFAULT CHARSET=utf8 COLLATE=utf8_unicode_ci;

--
-- Volcado de datos para la tabla `mesas_rechequeadoras`
--

INSERT INTO `mesas_rechequeadoras` (`id`, `num_mesa`) VALUES
(2, 1),
(3, 2),
(4, 3),
(5, 4),
(6, 5),
(7, 6),
(8, 7),
(9, 8),
(10, 9),
(11, 10),
(12, 11),
(13, 12),
(14, 13),
(15, 14),
(16, 15),
(17, 16),
(18, 17),
(19, 18),
(20, 19),
(21, 20);

-- --------------------------------------------------------

--
-- Estructura de tabla para la tabla `motivo_fallas`
--

CREATE TABLE `motivo_fallas` (
  `id` int(11) NOT NULL,
  `descripcion` varchar(50) NOT NULL
) ENGINE=InnoDB DEFAULT CHARSET=utf8 COLLATE=utf8_unicode_ci;

--
-- Volcado de datos para la tabla `motivo_fallas`
--

INSERT INTO `motivo_fallas` (`id`, `descripcion`) VALUES
(1, 'Faltante'),
(2, 'Sobrante'),
(3, 'Invertido');

-- --------------------------------------------------------

--
-- Estructura de tabla para la tabla `pareja_rechequeadores_embaladores`
--

CREATE TABLE `pareja_rechequeadores_embaladores` (
  `id` int(11) NOT NULL,
  `id_mesa` int(11) NOT NULL,
  `id_rechequeador` int(11) DEFAULT NULL,
  `id_embalador` int(11) DEFAULT NULL,
  `turno` enum('1','2') NOT NULL COMMENT '1-Mañana,2-Tarde'
) ENGINE=InnoDB DEFAULT CHARSET=utf8 COLLATE=utf8_unicode_ci;

--
-- Volcado de datos para la tabla `pareja_rechequeadores_embaladores`
--

INSERT INTO `pareja_rechequeadores_embaladores` (`id`, `id_mesa`, `id_rechequeador`, `id_embalador`, `turno`) VALUES
(26, 7, 29, 87, '1'),
(27, 8, 23, 28, '1'),
(28, 9, 32, 31, '1'),
(29, 10, 33, 34, '1'),
(30, 11, 34, 36, '1'),
(31, 12, 35, 33, '1'),
(32, 13, 36, 57, '1'),
(36, 17, 21, 47, '1'),
(37, 18, 9, 42, '1'),
(38, 19, 42, 44, '1'),
(46, 7, 73, 117, '2'),
(47, 8, 50, 56, '2'),
(48, 9, 51, 62, '2'),
(49, 10, 53, 60, '2'),
(50, 11, 54, 61, '2'),
(51, 12, 14, 62, '2'),
(52, 13, 15, 72, '2'),
(53, 14, 57, 69, '2'),
(54, 15, 61, 84, '2'),
(55, 16, 58, 83, '2'),
(56, 17, 49, 90, '2'),
(57, 18, 52, 96, '2'),
(58, 19, 60, 83, '2'),
(59, 20, 58, 96, '2'),
(60, 21, 46, 104, '2'),
(63, 2, 22, 13, '1'),
(64, 3, 25, 106, '1'),
(65, 4, 26, 55, '1'),
(66, 5, 27, 71, '1'),
(67, 6, 28, 78, '1'),
(71, 14, 37, 38, '1'),
(72, 15, 39, 43, '1'),
(73, 16, 40, 50, '1'),
(74, 20, 20, 74, '1'),
(75, 21, 43, 46, '1'),
(76, 2, 71, 53, '2'),
(77, 3, 45, 39, '2'),
(78, 4, 47, 77, '2'),
(79, 5, 74, 14, '2'),
(80, 6, 48, 80, '2');

-- --------------------------------------------------------

--
-- Estructura de tabla para la tabla `pedidos`
--

CREATE TABLE `pedidos` (
  `id_pedido` bigint(20) NOT NULL,
  `numero_pedido` varchar(100) NOT NULL,
  `id_ruta` int(11) NOT NULL,
  `fecha` datetime NOT NULL,
  `cantidad_unidades` int(11) NOT NULL,
  `distribuidor_pedidos` int(11) NOT NULL
) ENGINE=InnoDB DEFAULT CHARSET=utf8 COLLATE=utf8_unicode_ci;

--
-- Volcado de datos para la tabla `pedidos`
--

INSERT INTO `pedidos` (`id_pedido`, `numero_pedido`, `id_ruta`, `fecha`, `cantidad_unidades`, `distribuidor_pedidos`) VALUES
(56, '276331', 34, '2024-10-14 10:09:38', 63, 19),
(57, '276583', 18, '2024-10-14 10:55:16', 49, 13),
(59, '112', 12, '2024-10-14 11:38:24', 1000, 6),
(60, '276602', 44, '2024-10-14 12:05:27', 36, 11),
(61, '276645', 56, '2024-10-14 12:06:24', 4, 11),
(62, '0012', 6, '2024-10-14 12:24:30', 4, 6),
(63, '276537', 35, '2024-10-14 12:42:07', 37, 11),
(64, '276559', 33, '2024-10-14 12:45:22', 73, 11),
(65, '276646', 56, '2024-10-14 12:47:09', 18, 11),
(66, '113', 11, '2024-10-14 13:58:29', 1000, 6),
(67, '276707', 11, '2024-10-14 14:03:33', 233, 11),
(68, '276703', 63, '2024-10-14 14:04:30', 12, 11),
(69, '276712', 8, '2024-10-14 14:09:17', 80, 11),
(70, '276699', 34, '2024-10-14 14:09:46', 18, 11),
(71, '114', 6, '2024-10-14 14:45:45', 1000, 6),
(72, '276760', 63, '2024-10-14 14:53:59', 9, 13),
(73, '276753', 63, '2024-10-14 14:54:39', 42, 13),
(74, '276721', 11, '2024-10-14 14:55:38', 26, 13),
(75, '276752', 68, '2024-10-14 14:57:58', 58, 13),
(76, '276748', 68, '2024-10-14 14:58:31', 67, 13),
(77, '276744', 68, '2024-10-14 14:59:00', 155, 13),
(80, '276756', 68, '2024-10-14 15:03:41', 1067, 13),
(81, '276771', 56, '2024-10-14 15:05:09', 25, 13),
(82, '276733', 65, '2024-10-14 15:11:23', 206, 13),
(83, '276767', 66, '2024-10-14 15:14:50', 59, 13),
(84, '276775', 75, '2024-10-14 15:15:42', 220, 13),
(85, '276776', 66, '2024-10-14 15:16:16', 222, 13),
(87, '276674', 75, '2024-10-14 15:24:18', 36, 13),
(88, '276738', 68, '2024-10-14 15:24:55', 50, 13),
(89, '276762', 75, '2024-10-14 15:25:31', 84, 13),
(90, '276797', 56, '2024-10-14 15:30:48', 72, 13),
(91, '276795', 56, '2024-10-14 15:31:31', 120, 13),
(92, '276634', 25, '2024-10-14 15:32:01', 22, 13),
(93, '276770', 56, '2024-10-14 15:32:47', 149, 13),
(94, '275924', 77, '2024-10-14 15:33:13', 54, 13),
(95, '275922', 77, '2024-10-14 15:33:41', 69, 13),
(96, '276790', 77, '2024-10-14 15:34:20', 259, 13),
(97, '276792', 77, '2024-10-14 15:34:58', 4, 13),
(98, '275902', 68, '2024-10-14 15:36:39', 6, 13),
(99, '276737', 34, '2024-10-14 15:37:33', 17, 13),
(101, '276794', 40, '2024-10-14 15:40:12', 710, 13),
(102, '276804', 37, '2024-10-14 15:41:04', 63, 13),
(103, '276754', 33, '2024-10-14 15:42:03', 22, 13),
(104, '276783', 79, '2024-10-14 15:42:50', 140, 13),
(105, '276742', 54, '2024-10-14 15:43:17', 39, 13),
(106, '276631', 66, '2024-10-14 15:44:06', 91, 13),
(107, '276758', 22, '2024-10-14 15:44:44', 206, 13),
(108, '276747', 77, '2024-10-14 15:45:25', 248, 13),
(111, '276761', 44, '2024-10-14 15:46:29', 27, 13),
(112, '276755', 8, '2024-10-14 15:46:51', 48, 13),
(113, '276779', 34, '2024-10-14 15:47:16', 172, 13),
(114, '276768', 26, '2024-10-14 15:47:35', 31, 13),
(115, '276639', 79, '2024-10-14 15:47:59', 12, 13),
(116, '276763', 79, '2024-10-14 15:48:29', 18, 13),
(117, '276647', 79, '2024-10-14 15:48:49', 36, 13),
(118, '276743', 79, '2024-10-14 15:49:16', 63, 13),
(119, '276684', 79, '2024-10-14 15:49:56', 28, 13),
(120, '276676', 79, '2024-10-14 15:50:24', 2, 13),
(121, '276672', 79, '2024-10-14 15:50:48', 17, 13),
(122, '276671', 79, '2024-10-14 15:51:27', 10, 13),
(123, '276669', 79, '2024-10-14 15:51:56', 8, 13),
(126, '276668', 79, '2024-10-14 15:52:19', 8, 13),
(127, '276780', 22, '2024-10-14 15:53:35', 125, 13),
(128, '276841', 44, '2024-10-14 15:56:43', 20, 11),
(129, '276834', 64, '2024-10-14 15:57:25', 92, 11),
(130, '276802', 19, '2024-10-14 15:58:28', 86, 11),
(131, '276839', 70, '2024-10-14 15:59:05', 32, 11),
(132, '276828', 70, '2024-10-14 15:59:50', 131, 11),
(133, '276818', 70, '2024-10-14 16:00:38', 5, 11),
(134, '276806', 76, '2024-10-14 16:01:11', 44, 11),
(135, '276805', 19, '2024-10-14 16:01:51', 56, 11),
(136, '276548', 52, '2024-10-14 16:02:22', 414, 11),
(138, '276813', 37, '2024-10-14 16:04:08', 392, 11),
(139, '276852', 75, '2024-10-14 16:05:26', 96, 11),
(140, '276588', 64, '2024-10-14 16:06:05', 25, 11),
(141, '276772', 52, '2024-10-14 16:06:36', 56, 11),
(142, '276586', 64, '2024-10-14 16:07:09', 36, 11),
(143, '276830', 64, '2024-10-14 16:07:41', 50, 11),
(144, '276829', 64, '2024-10-14 16:11:32', 63, 11),
(145, '276781', 17, '2024-10-14 16:13:07', 16, 11),
(146, '276825', 64, '2024-10-14 16:13:33', 12, 11),
(147, '276822', 68, '2024-10-14 16:15:45', 29, 13),
(148, '276819', 64, '2024-10-14 16:16:12', 29, 13),
(209, '276876', 56, '2024-10-14 16:22:13', 45, 13),
(213, '276882', 56, '2024-10-14 16:23:21', 6, 13),
(214, '276880', 56, '2024-10-14 16:23:55', 71, 13),
(215, '276697', 64, '2024-10-14 16:24:36', 4, 13),
(216, '276695', 68, '2024-10-14 16:25:05', 286, 13),
(217, '276817', 44, '2024-10-14 16:25:46', 346, 13),
(218, '276823', 44, '2024-10-14 16:26:51', 105, 13),
(219, '276827', 44, '2024-10-14 16:27:15', 7, 13),
(220, '276831', 60, '2024-10-14 16:27:56', 525, 13),
(221, '276844', 75, '2024-10-14 16:28:27', 10, 13),
(222, '276855', 67, '2024-10-14 16:31:59', 607, 13),
(223, '276868', 44, '2024-10-14 16:33:39', 18, 13),
(224, '276889', 24, '2024-10-14 16:34:10', 10, 13),
(225, '276893', 21, '2024-10-14 16:35:07', 230, 13),
(226, '276870', 44, '2024-10-14 16:35:33', 10, 13),
(227, '276872', 44, '2024-10-14 16:36:06', 79, 13),
(228, '276883', 44, '2024-10-14 16:36:34', 52, 13),
(229, '276887', 21, '2024-10-14 16:37:00', 80, 13),
(230, '276908', 60, '2024-10-14 16:48:28', 22, 13),
(231, '276895', 64, '2024-10-14 16:49:26', 201, 13),
(232, '276900', 64, '2024-10-14 16:50:06', 58, 13),
(233, '276906', 68, '2024-10-14 16:50:33', 32, 13),
(234, '276926', 56, '2024-10-14 16:51:04', 110, 13),
(235, '276905', 34, '2024-10-14 16:51:37', 209, 13),
(236, '276910', 27, '2024-10-14 16:52:00', 159, 13),
(237, '276924', 69, '2024-10-14 16:52:34', 103, 13),
(238, '276927', 70, '2024-10-14 16:53:05', 6, 13),
(239, '276698', 56, '2024-10-14 16:53:31', 11, 13),
(240, '276886', 68, '2024-10-14 16:59:10', 268, 11),
(241, '276884', 63, '2024-10-14 16:59:59', 114, 11),
(242, '276921', 68, '2024-10-14 17:00:30', 42, 13),
(244, '276937', 16, '2024-10-14 17:00:43', 860, 11),
(245, '276929', 26, '2024-10-14 17:01:26', 324, 13),
(247, '276934', 16, '2024-10-14 17:02:11', 24, 13),
(249, '276919', 68, '2024-10-14 17:02:12', 206, 11),
(250, '276916', 63, '2024-10-14 17:02:44', 21, 13),
(251, '276939', 64, '2024-10-14 17:03:12', 40, 11),
(252, '276907', 11, '2024-10-14 17:03:51', 179, 11),
(253, '276894', 63, '2024-10-14 17:04:03', 81, 13),
(256, '276903', 11, '2024-10-14 17:04:39', 13, 13),
(257, '276914', 63, '2024-10-14 17:04:55', 164, 11),
(258, '276899', 63, '2024-10-14 17:05:38', 168, 13),
(259, '276888', 68, '2024-10-14 17:05:41', 51, 11),
(260, '276933', 34, '2024-10-14 17:06:12', 66, 11),
(261, '276891', 63, '2024-10-14 17:06:22', 382, 13),
(262, '276879', 16, '2024-10-14 17:07:02', 248, 11),
(263, '276878', 16, '2024-10-14 17:07:06', 168, 13),
(267, '276936', 37, '2024-10-14 17:07:33', 24, 11),
(268, '276874', 16, '2024-10-14 17:08:10', 170, 13),
(272, '276954', 26, '2024-10-14 17:08:54', 77, 13),
(273, '276959', 8, '2024-10-14 17:08:57', 273, 11),
(274, '276949', 16, '2024-10-14 17:09:30', 30, 13),
(278, '276925', 63, '2024-10-14 17:09:51', 161, 11),
(279, '276950', 34, '2024-10-14 17:10:15', 3, 13),
(284, '276944', 34, '2024-10-14 17:10:51', 108, 13),
(317, '276947', 63, '2024-10-14 17:12:26', 268, 11),
(318, '276864', 63, '2024-10-14 17:15:07', 44, 11),
(319, '276867', 16, '2024-10-14 17:16:24', 322, 11),
(320, '276871', 16, '2024-10-14 17:17:01', 92, 11),
(321, '276861', 63, '2024-10-14 17:18:02', 118, 11),
(322, '276966', 63, '2024-10-14 17:18:58', 21, 11),
(323, '276958', 68, '2024-10-14 17:19:34', 1801, 13),
(324, '276576', 16, '2024-10-14 17:19:59', 86, 11),
(325, '276968', 64, '2024-10-14 17:20:53', 110, 11),
(326, '276902', 77, '2024-10-14 17:21:35', 123, 11),
(327, '276957', 16, '2024-10-14 17:22:19', 50, 11),
(328, '276635', 56, '2024-10-14 17:23:25', 295, 11),
(329, '276803', 11, '2024-10-14 17:25:18', 326, 13),
(332, '276517', 79, '2024-10-14 17:25:48', 82, 13),
(336, '275814', 34, '2024-10-14 17:27:03', 150, 13),
(341, '276920', 77, '2024-10-14 17:27:42', 14, 13),
(342, '277000', 73, '2024-10-14 17:28:05', 46, 11),
(343, '276897', 60, '2024-10-14 17:31:36', 84, 11),
(344, '277023', 34, '2024-10-14 17:39:41', 213, 11),
(345, '277027', 34, '2024-10-14 17:40:19', 103, 11),
(346, '277028', 34, '2024-10-14 17:41:23', 159, 11),
(347, '277035', 34, '2024-10-14 17:52:48', 253, 11),
(348, '275615', 76, '2024-10-14 17:55:03', 16, 11),
(349, '1234', 6, '2024-10-14 18:02:37', 100, 11),
(350, '277059', 70, '2024-10-14 19:05:57', 150, 11),
(351, '277060', 77, '2024-10-14 19:06:25', 56, 11),
(352, '277043', 52, '2024-10-14 19:07:26', 186, 11),
(353, '274658', 70, '2024-10-14 19:08:30', 723, 11),
(354, '276558', 70, '2024-10-14 19:09:11', 627, 11),
(355, '275302', 19, '2024-10-14 19:10:20', 593, 11),
(356, '276661', 70, '2024-10-14 19:11:10', 150, 11),
(357, '276962', 77, '2024-10-14 19:11:36', 50, 11),
(358, '277045', 77, '2024-10-14 19:11:58', 18, 11),
(359, '276970', 70, '2024-10-14 19:12:33', 114, 11),
(360, '276974', 68, '2024-10-14 19:13:03', 399, 11),
(361, '276976', 68, '2024-10-14 19:16:39', 1636, 11),
(362, '276963', 64, '2024-10-14 19:17:07', 36, 11),
(363, '276987', 68, '2024-10-14 19:17:41', 6, 11),
(364, '275303', 19, '2024-10-14 19:18:04', 18, 11),
(365, '276821', 64, '2024-10-14 19:18:25', 10, 11),
(366, '276984', 68, '2024-10-14 19:19:24', 200, 11),
(367, '276990', 68, '2024-10-14 19:20:09', 322, 11),
(369, '276997', 64, '2024-10-14 19:20:46', 249, 11),
(370, '277037', 34, '2024-10-14 19:21:30', 91, 11),
(371, '277058', 34, '2024-10-14 19:21:48', 15, 11),
(372, '277057', 34, '2024-10-14 19:22:10', 100, 11),
(373, '276942', 34, '2024-10-14 19:22:50', 149, 11),
(374, '276778', 34, '2024-10-14 19:23:35', 18, 11),
(375, '276786', 27, '2024-10-14 19:24:04', 5, 11),
(376, '276945', 26, '2024-10-14 19:24:31', 54, 11),
(377, '276632', 26, '2024-10-14 19:24:52', 2, 11),
(378, '276943', 26, '2024-10-14 19:25:11', 52, 11),
(379, '276940', 26, '2024-10-14 19:28:48', 782, 11),
(380, '276640', 67, '2024-10-14 19:29:35', 393, 11),
(381, '276930', 34, '2024-10-14 19:30:05', 152, 11),
(382, '277010', 34, '2024-10-14 19:30:55', 333, 11),
(383, '277018', 24, '2024-10-14 19:31:50', 764, 11),
(384, '277016', 26, '2024-10-14 19:32:30', 6, 11),
(385, '277005', 24, '2024-10-14 19:32:56', 370, 11),
(386, '276999', 24, '2024-10-14 19:33:21', 80, 11),
(387, '277009', 24, '2024-10-14 19:33:42', 60, 11),
(388, '276980', 34, '2024-10-14 19:34:22', 20, 11),
(389, '277025', 34, '2024-10-14 19:34:43', 109, 11),
(390, '276746', 68, '2024-10-14 19:35:40', 302, 11),
(391, '275866', 67, '2024-10-14 19:36:05', 75, 11),
(392, '276969', 34, '2024-10-14 19:36:23', 39, 11),
(393, '277030', 34, '2024-10-14 19:36:52', 117, 11),
(394, '277034', 26, '2024-10-14 19:37:28', 85, 11),
(395, '277029', 34, '2024-10-14 19:38:26', 209, 11),
(396, '277040', 67, '2024-10-14 19:38:57', 68, 11),
(397, '277036', 26, '2024-10-14 19:39:19', 60, 11),
(398, '277042', 26, '2024-10-14 19:40:55', 227, 11),
(399, '276982', 34, '2024-10-14 19:41:16', 20, 11),
(400, '276995', 73, '2024-10-14 19:42:13', 68, 11),
(401, '276765', 73, '2024-10-14 19:42:38', 9, 11),
(402, '276497', 44, '2024-10-14 19:42:57', 4, 11),
(403, '276687', 44, '2024-10-14 19:43:40', 4, 11),
(404, '276685', 44, '2024-10-14 19:44:10', 9, 11),
(405, '276694', 44, '2024-10-14 19:44:39', 58, 11),
(406, '276941', 44, '2024-10-14 19:45:26', 10, 11),
(407, '276847', 44, '2024-10-14 19:45:47', 6, 11),
(408, '277032', 8, '2024-10-14 19:46:12', 205, 11),
(409, '276975', 44, '2024-10-14 19:46:54', 8, 11),
(410, '276642', 8, '2024-10-14 19:47:22', 114, 11),
(411, '276621', 60, '2024-10-14 19:47:49', 34, 11),
(412, '277004', 8, '2024-10-14 19:48:16', 45, 11),
(413, '277056', 53, '2024-10-14 19:50:41', 47, 11),
(414, '277049', 65, '2024-10-14 19:51:04', 18, 11),
(415, '276932', 11, '2024-10-14 19:55:02', 29, 11),
(416, '276964', 11, '2024-10-14 19:55:33', 40, 11),
(417, '276922', 11, '2024-10-14 19:55:57', 73, 11),
(418, '276859', 63, '2024-10-14 19:56:47', 292, 11),
(419, '276782', 63, '2024-10-14 19:57:36', 11, 11),
(420, '276992', 11, '2024-10-14 19:57:58', 44, 11),
(421, '277013', 63, '2024-10-14 19:58:29', 68, 11),
(422, '277024', 63, '2024-10-14 19:59:13', 81, 11),
(423, '277026', 63, '2024-10-14 19:59:39', 4, 11),
(424, '276981', 63, '2024-10-14 20:02:20', 116, 11),
(425, '276571', 78, '2024-10-14 20:06:28', 379, 11),
(426, '276791', 11, '2024-10-14 20:23:27', 30, 11),
(427, '276951', 66, '2024-10-14 20:24:17', 22, 11),
(428, '277031', 63, '2024-10-14 20:24:49', 4, 11),
(429, '276972', 66, '2024-10-14 20:28:49', 158, 11),
(430, '276787', 25, '2024-10-14 20:30:16', 13, 11),
(431, '276948', 11, '2024-10-14 20:31:26', 526, 11),
(432, '277064', 25, '2024-10-14 20:32:12', 24, 11),
(433, '277007', 56, '2024-10-14 20:33:32', 12, 11),
(434, '277020', 56, '2024-10-14 20:34:09', 2, 11),
(435, '276842', 56, '2024-10-14 20:35:17', 13, 11),
(436, '276740', 56, '2024-10-14 20:37:37', 91, 11),
(437, '276731', 56, '2024-10-14 20:38:07', 1, 11),
(438, '276996', 56, '2024-10-14 20:38:38', 140, 11),
(439, '276666', 56, '2024-10-14 20:39:29', 2, 11),
(440, '276764', 56, '2024-10-14 20:40:06', 10, 11),
(441, '276785', 56, '2024-10-14 20:41:36', 18, 11),
(442, '276877', 54, '2024-10-14 20:49:22', 64, 11),
(443, '276873', 54, '2024-10-14 20:50:56', 53, 11),
(514, '276952', 16, '2024-10-14 20:56:16', 35, 11),
(531, '277012', 79, '2024-10-14 21:04:49', 250, 11),
(532, '276961', 35, '2024-10-14 21:12:13', 416, 11),
(533, '276898', 79, '2024-10-14 21:12:50', 258, 11),
(534, '276585', 35, '2024-10-14 21:14:45', 81, 11),
(535, '276994', 18, '2024-10-14 21:15:19', 125, 11),
(536, '276793', 55, '2024-10-14 21:17:18', 600, 11),
(537, '276784', 55, '2024-10-14 21:17:48', 6, 11),
(538, '276574', 35, '2024-10-14 21:20:32', 173, 11),
(539, '276728', 82, '2024-10-14 21:23:33', 553, 11),
(540, '276998', 18, '2024-10-14 21:26:52', 55, 11),
(541, '276603', 35, '2024-10-14 21:29:21', 64, 11),
(542, '276734', 82, '2024-10-14 21:33:47', 240, 11),
(543, '277021', 79, '2024-10-14 22:18:20', 35, 11),
(544, '276556', 50, '2024-10-14 22:18:51', 33, 11),
(545, '276915', 54, '2024-10-14 22:19:39', 16, 11),
(546, '2765492', 35, '2024-10-14 22:20:02', 20, 11),
(547, '276799', 18, '2024-10-14 22:20:49', 92, 11),
(548, '276716', 37, '2024-10-14 22:26:06', 82, 11),
(549, '276837', 54, '2024-10-14 22:27:26', 19, 11),
(550, '275694', 54, '2024-10-14 22:27:47', 19, 11),
(551, '277003', 79, '2024-10-14 22:30:25', 54, 11),
(552, '276955', 16, '2024-10-14 22:37:50', 48, 11),
(553, '276986', 18, '2024-10-14 22:45:30', 71, 11),
(554, '276904', 79, '2024-10-14 22:46:13', 30, 11),
(555, '276702', 9, '2024-10-14 22:47:03', 14, 11),
(556, '277054', 79, '2024-10-14 22:47:49', 77, 11),
(557, '276854', 22, '2024-10-14 22:51:54', 103, 11),
(558, '276843', 54, '2024-10-14 23:03:56', 29, 11),
(559, '276917', 79, '2024-10-14 23:26:37', 13, 11),
(560, '276769', 54, '2024-10-14 23:26:59', 9, 11),
(561, '277017', 59, '2024-10-14 23:36:52', 29, 11),
(562, '277062', 7, '2024-10-15 08:36:25', 3329, 13),
(564, '277077', 56, '2024-10-15 08:49:16', 25, 13),
(566, '277074', 56, '2024-10-15 08:55:45', 60, 69),
(567, '277002', 56, '2024-10-15 08:58:31', 100, 69),
(569, '277090', 83, '2024-10-15 09:03:09', 87, 69),
(570, '274920', 45, '2024-10-15 09:04:42', 326, 13),
(572, '276928', 48, '2024-10-15 09:09:04', 170, 13),
(575, '276931', 48, '2024-10-15 09:09:29', 6, 13),
(576, '276909', 28, '2024-10-15 09:10:17', 137, 13),
(578, '276610', 35, '2024-10-15 09:14:43', 459, 13),
(581, '276875', 28, '2024-10-15 09:19:12', 154, 13),
(584, '277022', 42, '2024-10-15 09:25:01', 356, 13),
(587, '277100', 64, '2024-10-15 09:25:40', 28, 13),
(588, '276575', 35, '2024-10-15 09:26:13', 10, 13),
(589, '276739', 54, '2024-10-15 09:26:38', 5, 13),
(590, '276846', 54, '2024-10-15 09:27:00', 4, 13),
(593, '276678', 79, '2024-10-15 09:27:31', 4, 13),
(596, '276865', 79, '2024-10-15 09:27:51', 10, 13),
(600, '276826', 79, '2024-10-15 09:28:10', 30, 13),
(605, '277055', 22, '2024-10-15 09:28:59', 23, 13),
(606, '276892', 22, '2024-10-15 09:29:30', 15, 13),
(609, '276848', 79, '2024-10-15 09:30:09', 4, 13),
(614, '277130', 56, '2024-10-15 09:30:34', 2, 13),
(619, '276991', 56, '2024-10-15 09:32:03', 82, 13),
(623, '276482', 54, '2024-10-15 09:35:27', 10, 13),
(627, '276479', 54, '2024-10-15 09:35:49', 90, 13),
(629, '276978', 16, '2024-10-15 09:36:27', 198, 13),
(630, '276869', 16, '2024-10-15 09:39:07', 88, 13),
(634, '276582', 16, '2024-10-15 09:39:26', 14, 13),
(637, '276849', 80, '2024-10-15 09:41:56', 5, 13),
(638, '276579', 16, '2024-10-15 09:42:40', 20, 13),
(639, '276973', 10, '2024-10-15 09:43:01', 32, 13),
(643, '277107', 56, '2024-10-15 09:44:15', 27, 13),
(647, '277163', 25, '2024-10-15 09:44:49', 1, 13),
(651, '276798', 18, '2024-10-15 09:45:29', 6, 13),
(657, '276800', 18, '2024-10-15 09:46:00', 17, 13),
(663, '276811', 82, '2024-10-15 09:46:28', 100, 13),
(674, '277135', 59, '2024-10-15 09:48:11', 505, 13),
(678, '277120', 59, '2024-10-15 09:49:00', 90, 13),
(682, '277121', 59, '2024-10-15 09:49:26', 81, 13),
(690, '277115', 59, '2024-10-15 09:50:05', 31, 13),
(694, '277124', 59, '2024-10-15 09:50:39', 65, 13),
(699, '276989', 59, '2024-10-15 09:51:25', 188, 13),
(703, '276985', 59, '2024-10-15 09:51:59', 135, 13),
(708, '276833', 59, '2024-10-15 09:52:49', 207, 13),
(709, '276526', 59, '2024-10-15 09:54:07', 212, 13),
(714, '276643', 59, '2024-10-15 09:54:53', 20, 13),
(720, '276736', 82, '2024-10-15 09:55:24', 58, 13),
(721, '276773', 80, '2024-10-15 09:55:45', 20, 13),
(722, '276796', 18, '2024-10-15 09:56:07', 12, 13),
(727, '276617', 80, '2024-10-15 09:56:42', 24, 13),
(729, '276618', 80, '2024-10-15 09:57:04', 10, 13),
(731, '276705', 80, '2024-10-15 09:57:29', 56, 13),
(732, '276614', 10, '2024-10-15 09:57:57', 30, 13),
(733, '276845', 80, '2024-10-15 09:58:22', 324, 13),
(735, '277085', 9, '2024-10-15 09:58:55', 62, 13),
(736, '276613', 9, '2024-10-15 09:59:29', 10, 13),
(741, '277083', 9, '2024-10-15 09:59:56', 116, 13),
(747, '277087', 9, '2024-10-15 10:00:31', 76, 13),
(748, '277095', 80, '2024-10-15 10:01:05', 35, 13),
(755, '277006', 56, '2024-10-15 10:12:08', 405, 13),
(758, '277201', 56, '2024-10-15 10:12:57', 22, 13),
(760, '277185', 56, '2024-10-15 10:13:31', 23, 13),
(764, '277184', 56, '2024-10-15 10:13:57', 23, 13),
(766, '277118', 56, '2024-10-15 10:14:50', 23, 13),
(767, '277116', 56, '2024-10-15 10:15:25', 22, 13),
(773, '277113', 56, '2024-10-15 10:15:57', 22, 13),
(778, '277109', 56, '2024-10-15 10:16:35', 23, 13),
(791, '277188', 79, '2024-10-15 10:17:16', 156, 13),
(792, '277102', 55, '2024-10-15 10:18:15', 383, 13),
(796, '277096', 55, '2024-10-15 10:19:26', 33, 13),
(803, '277094', 55, '2024-10-15 10:21:03', 54, 13),
(807, '277092', 55, '2024-10-15 10:21:25', 20, 13),
(814, '277014', 55, '2024-10-15 10:21:52', 39, 13),
(815, '276838', 55, '2024-10-15 10:23:09', 52, 13),
(820, '276851', 55, '2024-10-15 10:23:33', 8, 13),
(821, '276824', 55, '2024-10-15 10:23:56', 30, 13),
(822, '277011', 55, '2024-10-15 10:24:14', 18, 13),
(823, '276814', 55, '2024-10-15 10:25:46', 287, 13),
(824, '276815', 55, '2024-10-15 10:26:09', 11, 13),
(825, '276627', 55, '2024-10-15 10:26:48', 54, 13),
(826, '276810', 55, '2024-10-15 10:27:19', 68, 13),
(827, '276809', 55, '2024-10-15 10:27:59', 29, 13),
(828, '276729', 55, '2024-10-15 10:28:23', 20, 13),
(829, '276675', 55, '2024-10-15 10:29:12', 12, 13),
(830, '276652', 55, '2024-10-15 10:29:40', 20, 13),
(831, '276656', 55, '2024-10-15 10:30:02', 3, 13),
(832, '276628', 55, '2024-10-15 10:30:23', 10, 13),
(833, '276599', 55, '2024-10-15 10:32:26', 42, 13),
(834, '276726', 55, '2024-10-15 10:32:53', 96, 13),
(835, '276561', 55, '2024-10-15 10:33:33', 194, 13),
(836, '277192', 79, '2024-10-15 10:34:58', 104, 13),
(837, '276538', 55, '2024-10-15 10:35:22', 29, 13),
(838, '277153', 59, '2024-10-15 10:41:11', 107, 13),
(839, '276539', 33, '2024-10-15 10:45:03', 36, 13),
(840, '276534', 33, '2024-10-15 10:45:31', 42, 13),
(841, '277117', 33, '2024-10-15 10:45:52', 306, 13),
(842, '277086', 54, '2024-10-15 10:47:06', 29, 13),
(843, '277134', 79, '2024-10-15 10:47:40', 202, 13),
(844, '277110', 79, '2024-10-15 10:48:09', 204, 13),
(845, '277103', 79, '2024-10-15 10:48:36', 62, 13),
(846, '277166', 79, '2024-10-15 10:51:48', 228, 13),
(847, '277173', 79, '2024-10-15 10:54:57', 182, 13),
(848, '277187', 79, '2024-10-15 10:59:17', 41, 11),
(849, '277214', 56, '2024-10-15 11:00:00', 60, 11),
(850, '277190', 79, '2024-10-15 11:00:42', 35, 11),
(851, '277191', 79, '2024-10-15 11:02:14', 18, 11),
(852, '277181', 79, '2024-10-15 11:03:41', 89, 11),
(853, '276960', 54, '2024-10-15 11:04:39', 52, 13),
(854, '277206', 54, '2024-10-15 11:05:25', 186, 13),
(855, '277197', 54, '2024-10-15 11:11:44', 114, 13),
(856, '277194', 54, '2024-10-15 11:23:52', 116, 13),
(857, '277198', 54, '2024-10-15 11:24:23', 295, 13),
(858, '277129', 35, '2024-10-15 11:24:50', 24, 13),
(859, '276812', 79, '2024-10-15 11:25:21', 36, 13),
(860, '277256', 56, '2024-10-15 11:41:05', 19, 13),
(861, '277154', 56, '2024-10-15 11:47:51', 100, 13),
(862, '277147', 56, '2024-10-15 11:48:23', 240, 13),
(863, '277150', 56, '2024-10-15 11:48:54', 288, 13),
(864, '277260', 63, '2024-10-15 11:49:32', 8, 13),
(865, '277078', 59, '2024-10-15 11:49:53', 50, 13),
(866, '277180', 79, '2024-10-15 11:55:57', 13, 13),
(867, '277073', 79, '2024-10-15 11:56:22', 112, 13),
(868, '277270', 56, '2024-10-15 12:13:24', 197, 11),
(869, '276658', 56, '2024-10-15 12:14:13', 13, 11),
(870, '277292', 56, '2024-10-15 12:14:41', 5, 11),
(871, '277246', 54, '2024-10-15 12:31:11', 18, 11),
(872, '277309', 56, '2024-10-15 13:04:49', 15, 13),
(873, '277308', 56, '2024-10-15 13:05:19', 1, 13),
(874, '277306', 39, '2024-10-15 13:05:42', 10, 13),
(875, '277221', 79, '2024-10-15 13:12:56', 200, 13),
(876, '277199', 79, '2024-10-15 13:13:53', 390, 13),
(877, '277106', 79, '2024-10-15 13:16:28', 74, 13),
(878, '277123', 79, '2024-10-15 13:16:54', 386, 13),
(879, '277278', 55, '2024-10-15 13:27:47', 227, 13),
(880, '277318', 56, '2024-10-15 13:29:04', 46, 13),
(881, '277319', 56, '2024-10-15 13:29:36', 45, 13),
(882, '277312', 56, '2024-10-15 13:30:02', 6, 13),
(883, '277202', 56, '2024-10-15 13:31:24', 66, 13),
(884, '277203', 56, '2024-10-15 13:31:47', 144, 13),
(885, '277275', 56, '2024-10-15 13:32:12', 170, 13),
(886, '277288', 56, '2024-10-15 13:36:55', 42, 13),
(887, '277289', 56, '2024-10-15 13:37:24', 20, 13),
(888, '277314', 56, '2024-10-15 13:37:49', 24, 13),
(889, '277128', 56, '2024-10-15 13:38:10', 12, 13),
(890, '276946', 55, '2024-10-15 13:38:49', 337, 13),
(891, '276045', 35, '2024-10-15 13:39:26', 53, 13),
(892, '277271', 55, '2024-10-15 13:39:53', 4, 13),
(893, '276084', 35, '2024-10-15 13:43:31', 34, 13),
(894, '276050', 35, '2024-10-15 13:43:52', 20, 13),
(895, '277237', 35, '2024-10-15 13:44:10', 72, 13),
(896, '277257', 22, '2024-10-15 13:56:40', 182, 13),
(897, '276333', 79, '2024-10-15 14:06:29', 2935, 13),
(898, '277247', 79, '2024-10-15 14:07:04', 71, 13),
(899, '277291', 59, '2024-10-15 14:07:32', 48, 11),
(900, '277243', 79, '2024-10-15 14:07:43', 60, 13),
(901, '277240', 54, '2024-10-15 14:08:11', 13, 13),
(902, '277299', 59, '2024-10-15 14:08:11', 70, 11),
(903, '277230', 59, '2024-10-15 14:08:33', 340, 13),
(904, '277301', 59, '2024-10-15 14:08:50', 26, 11),
(905, '277220', 59, '2024-10-15 14:09:25', 35, 11),
(906, '276850', 22, '2024-10-15 14:10:06', 142, 11),
(907, '275935', 79, '2024-10-15 14:10:17', 10, 13),
(908, '276808', 79, '2024-10-15 14:10:39', 12, 13),
(909, '276047', 59, '2024-10-15 14:10:48', 12, 11),
(910, '276749', 79, '2024-10-15 14:11:13', 30, 13),
(911, '276003', 59, '2024-10-15 14:11:23', 48, 11),
(912, '276533', 22, '2024-10-15 14:11:35', 58, 13),
(913, '276530', 22, '2024-10-15 14:12:07', 68, 13),
(914, '276006', 59, '2024-10-15 14:12:17', 18, 11),
(915, '277091', 22, '2024-10-15 14:12:31', 90, 13),
(916, '276007', 59, '2024-10-15 14:12:48', 39, 11),
(918, '276008', 59, '2024-10-15 14:13:23', 41, 11),
(919, '276013', 59, '2024-10-15 14:13:55', 58, 11),
(920, '277193', 22, '2024-10-15 14:14:17', 8, 13),
(921, '276014', 59, '2024-10-15 14:14:25', 30, 11),
(922, '277072', 62, '2024-10-15 14:14:45', 123, 13),
(923, '277093', 22, '2024-10-15 14:15:11', 238, 13),
(924, '277132', 9, '2024-10-15 14:16:05', 250, 13),
(925, '277333', 56, '2024-10-15 14:16:07', 14, 11),
(926, '276015', 59, '2024-10-15 14:16:32', 66, 11),
(927, '277125', 9, '2024-10-15 14:16:39', 245, 13),
(928, '277139', 9, '2024-10-15 14:17:12', 389, 13),
(929, '276625', 54, '2024-10-15 14:17:18', 258, 11),
(930, '277160', 9, '2024-10-15 14:17:44', 307, 13),
(931, '276857', 54, '2024-10-15 14:18:22', 23, 11),
(932, '277152', 9, '2024-10-15 14:18:46', 155, 13),
(933, '277114', 9, '2024-10-15 14:19:06', 18, 13),
(934, '277296', 54, '2024-10-15 14:19:09', 9, 11),
(935, '277168', 9, '2024-10-15 14:19:24', 52, 13),
(936, '277149', 9, '2024-10-15 14:19:52', 230, 13),
(937, '277245', 54, '2024-10-15 14:19:53', 16, 11),
(938, '277145', 9, '2024-10-15 14:20:12', 234, 13),
(939, '277167', 9, '2024-10-15 14:20:32', 54, 13),
(940, '277200', 54, '2024-10-15 14:20:35', 12, 11),
(941, '277111', 9, '2024-10-15 14:21:04', 72, 13),
(942, '277236', 54, '2024-10-15 14:21:05', 26, 11),
(943, '277255', 9, '2024-10-15 14:21:23', 38, 13),
(944, '277250', 9, '2024-10-15 14:21:43', 10, 13),
(945, '277295', 54, '2024-10-15 14:21:53', 89, 11),
(946, '277108', 9, '2024-10-15 14:22:14', 417, 13),
(947, '277039', 20, '2024-10-15 14:22:55', 570, 13),
(948, '277126', 79, '2024-10-15 14:23:15', 134, 11),
(950, '277138', 9, '2024-10-15 14:23:23', 1100, 13),
(951, '277175', 82, '2024-10-15 14:24:05', 22, 13),
(952, '276580', 80, '2024-10-15 14:24:27', 2, 13),
(953, '277136', 79, '2024-10-15 14:24:46', 25, 11),
(954, '277158', 20, '2024-10-15 14:24:50', 78, 13),
(955, '277210', 79, '2024-10-15 14:25:45', 10, 11),
(956, '277172', 82, '2024-10-15 14:26:00', 92, 13),
(957, '277239', 82, '2024-10-15 14:26:25', 178, 13),
(958, '277294', 79, '2024-10-15 14:26:27', 65, 11),
(959, '277140', 82, '2024-10-15 14:26:46', 9, 13),
(960, '277352', 56, '2024-10-15 14:27:40', 60, 11),
(961, '277137', 82, '2024-10-15 14:27:44', 6, 13),
(962, '277044', 10, '2024-10-15 14:28:16', 10, 13),
(963, '277046', 10, '2024-10-15 14:28:45', 10, 13),
(964, '276633', 54, '2024-10-15 14:28:47', 86, 11),
(965, '277033', 10, '2024-10-15 14:29:05', 51, 13),
(966, '277186', 16, '2024-10-15 14:29:51', 48, 11),
(967, '277323', 64, '2024-10-15 14:29:52', 99, 13),
(968, '277321', 64, '2024-10-15 14:30:13', 25, 13),
(969, '277182', 16, '2024-10-15 14:30:37', 459, 11),
(970, '277164', 64, '2024-10-15 14:30:49', 223, 13),
(971, '276657', 16, '2024-10-15 14:31:27', 13, 11),
(972, '276663', 16, '2024-10-15 14:32:07', 13, 11),
(973, '277174', 64, '2024-10-15 14:32:42', 453, 13),
(974, '277151', 68, '2024-10-15 14:33:16', 162, 13),
(975, '277339', 16, '2024-10-15 14:33:18', 279, 11),
(976, '277146', 68, '2024-10-15 14:33:41', 350, 13),
(977, '276654', 16, '2024-10-15 14:33:58', 23, 11),
(978, '277176', 16, '2024-10-15 14:34:23', 17, 11),
(979, '277156', 68, '2024-10-15 14:34:41', 719, 13),
(980, '272771', 16, '2024-10-15 14:35:03', 42, 11),
(981, '277162', 68, '2024-10-15 14:35:33', 405, 13),
(982, '277169', 16, '2024-10-15 14:35:33', 48, 11),
(983, '277189', 11, '2024-10-15 14:36:09', 287, 13),
(984, '277143', 16, '2024-10-15 14:36:20', 75, 11),
(985, '277204', 11, '2024-10-15 14:36:48', 758, 13),
(986, '277144', 16, '2024-10-15 14:37:08', 46, 11),
(987, '277159', 68, '2024-10-15 14:37:09', 20, 13),
(988, '277242', 63, '2024-10-15 14:37:28', 52, 13),
(989, '277265', 11, '2024-10-15 14:37:56', 10, 13),
(990, '277141', 16, '2024-10-15 14:38:23', 17, 11),
(991, '277232', 11, '2024-10-15 14:38:38', 46, 13),
(992, '277133', 16, '2024-10-15 14:39:31', 715, 11),
(993, '277297', 56, '2024-10-15 14:41:46', 1, 11),
(994, '277280', 79, '2024-10-15 14:42:16', 4, 11),
(995, '277080', 79, '2024-10-15 14:42:55', 4, 11),
(996, '277328', 79, '2024-10-15 14:43:21', 7, 11),
(997, '277316', 10, '2024-10-15 14:49:33', 22, 13),
(998, '277313', 80, '2024-10-15 14:49:59', 47, 13),
(999, '277177', 82, '2024-10-15 14:50:23', 60, 13),
(1000, '277375', 64, '2024-10-15 14:51:46', 25, 13),
(1001, '277241', 65, '2024-10-15 14:52:07', 6, 13),
(1002, '277380', 64, '2024-10-15 14:52:26', 6, 13),
(1003, '277382', 64, '2024-10-15 14:53:17', 20, 13),
(1004, '277386', 64, '2024-10-15 14:57:08', 18, 13),
(1005, '276296', 32, '2024-10-15 14:57:26', 10, 13),
(1006, '277293', 59, '2024-10-15 14:58:03', 171, 13),
(1007, '276691', 13, '2024-10-15 14:58:55', 141, 13),
(1008, '277105', 28, '2024-10-15 14:59:29', 645, 13),
(1009, '277213', 22, '2024-10-15 15:00:12', 156, 13),
(1010, '277396', 55, '2024-10-15 15:01:00', 6, 13),
(1011, '277379', 13, '2024-10-15 15:01:20', 8, 13),
(1012, '277391', 13, '2024-10-15 15:01:39', 10, 13),
(1013, '277226', 13, '2024-10-15 15:02:04', 213, 13),
(1014, '277368', 54, '2024-10-15 15:02:48', 83, 13),
(1015, '277345', 54, '2024-10-15 15:03:20', 16, 13),
(1016, '277337', 79, '2024-10-15 15:03:53', 7, 13),
(1017, '277119', 28, '2024-10-15 15:04:17', 64, 13),
(1018, '277367', 59, '2024-10-15 15:05:08', 10, 13),
(1019, '277371', 59, '2024-10-15 15:05:28', 18, 13),
(1020, '277340', 79, '2024-10-15 15:06:13', 15, 13),
(1022, '277346', 79, '2024-10-15 15:06:35', 13, 13),
(1023, '276866', 32, '2024-10-15 15:06:59', 14, 13),
(1024, '277388', 22, '2024-10-15 15:07:25', 36, 13),
(1025, '277227', 65, '2024-10-15 15:08:16', 43, 13),
(1027, '277148', 65, '2024-10-15 15:08:42', 80, 13),
(1028, '277350', 64, '2024-10-15 15:09:06', 77, 13),
(1029, '277354', 64, '2024-10-15 15:09:45', 28, 13),
(1030, '277373', 64, '2024-10-15 15:10:34', 52, 13),
(1031, '277362', 63, '2024-10-15 15:11:03', 30, 13),
(1032, '277369', 63, '2024-10-15 15:11:24', 23, 13),
(1033, '277359', 63, '2024-10-15 15:12:00', 42, 13),
(1034, '277351', 63, '2024-10-15 15:12:21', 80, 13),
(1035, '277079', 31, '2024-10-15 15:13:16', 240, 13),
(1036, '277155', 9, '2024-10-15 15:13:57', 83, 13),
(1037, '277363', 82, '2024-10-15 15:14:18', 29, 13),
(1038, '277099', 80, '2024-10-15 15:14:49', 100, 13),
(1039, '277098', 80, '2024-10-15 15:15:12', 100, 13),
(1040, '277338', 80, '2024-10-15 15:15:53', 331, 13),
(1041, '277427', 59, '2024-10-15 15:16:40', 63, 13),
(1042, '277412', 33, '2024-10-15 15:22:53', 294, 13),
(1043, '276636', 33, '2024-10-15 15:23:57', 257, 13),
(1044, '277218', 79, '2024-10-15 15:24:20', 1400, 13),
(1045, '277360', 35, '2024-10-15 15:26:29', 43, 13),
(1046, '277215', 54, '2024-10-15 15:26:48', 10, 13),
(1047, '277376', 54, '2024-10-15 15:27:09', 124, 13),
(1048, '277252', 54, '2024-10-15 15:27:35', 144, 13),
(1049, '277397', 54, '2024-10-15 15:28:04', 29, 13),
(1050, '277348', 54, '2024-10-15 15:28:32', 10, 13),
(1052, '277209', 54, '2024-10-15 15:29:14', 36, 13),
(1054, '275175', 54, '2024-10-15 15:29:44', 235, 13),
(1056, '276918', 54, '2024-10-15 15:30:06', 24, 13),
(1058, '277441', 79, '2024-10-15 15:30:27', 16, 13),
(1059, '277303', 79, '2024-10-15 15:30:54', 1, 13),
(1060, '277196', 79, '2024-10-15 15:31:12', 2, 13),
(1061, '277216', 79, '2024-10-15 15:31:40', 100, 13),
(1062, '276777', 79, '2024-10-15 15:32:02', 600, 13),
(1063, '277212', 79, '2024-10-15 15:32:31', 150, 13),
(1064, '277208', 79, '2024-10-15 15:32:47', 270, 13),
(1065, '277416', 9, '2024-10-15 15:33:34', 30, 13),
(1066, '277205', 79, '2024-10-15 15:33:57', 70, 13),
(1067, '277410', 9, '2024-10-15 15:34:30', 36, 13),
(1068, '277406', 80, '2024-10-15 15:34:53', 352, 13),
(1069, '277403', 80, '2024-10-15 15:35:44', 60, 13),
(1070, '277419', 80, '2024-10-15 15:36:07', 114, 13),
(1071, '277356', 80, '2024-10-15 15:36:48', 34, 13),
(1072, '277326', 81, '2024-10-15 15:40:53', 24, 13),
(1075, '277324', 81, '2024-10-15 15:42:48', 746, 13),
(1076, '277443', 13, '2024-10-15 15:43:42', 86, 13),
(1079, '277325', 81, '2024-10-15 15:44:07', 10, 13),
(1080, '277317', 81, '2024-10-15 15:44:34', 60, 13),
(1081, '277365', 59, '2024-10-15 15:45:36', 16, 13),
(1082, '277390', 54, '2024-10-15 15:46:10', 17, 13),
(1083, '277426', 13, '2024-10-15 15:46:42', 37, 13),
(1084, '277423', 13, '2024-10-15 15:47:07', 24, 13),
(1085, '277414', 13, '2024-10-15 15:47:34', 21, 13),
(1086, '277405', 13, '2024-10-15 15:47:59', 52, 13),
(1087, '277355', 13, '2024-10-15 15:48:19', 58, 13),
(1088, '277274', 13, '2024-10-15 15:49:21', 123, 13),
(1089, '277272', 13, '2024-10-15 15:49:44', 59, 13),
(1090, '277264', 13, '2024-10-15 15:50:08', 126, 13),
(1091, '277266', 13, '2024-10-15 15:50:29', 2, 13),
(1092, '277263', 13, '2024-10-15 15:51:00', 65, 13),
(1093, '277258', 13, '2024-10-15 15:51:26', 111, 13),
(1094, '277249', 13, '2024-10-15 15:52:28', 4, 13),
(1095, '277178', 13, '2024-10-15 15:52:55', 26, 13),
(1096, '277161', 13, '2024-10-15 15:53:22', 51, 13),
(1097, '277112', 13, '2024-10-15 15:53:59', 28, 13),
(1098, '276499', 61, '2024-10-15 15:54:32', 9, 13),
(1099, '277097', 13, '2024-10-15 15:54:52', 59, 13),
(1100, '277456', 18, '2024-10-15 15:55:21', 196, 13),
(1102, '277370', 55, '2024-10-15 15:58:02', 155, 13),
(1103, '277394', 55, '2024-10-15 15:58:24', 176, 13),
(1104, '277377', 55, '2024-10-15 15:59:55', 633, 13),
(1105, '277384', 55, '2024-10-15 16:00:18', 18, 13),
(1106, '277393', 55, '2024-10-15 16:00:37', 12, 13),
(1107, '277457', 19, '2024-10-15 16:02:48', 214, 13),
(1108, '277300', 35, '2024-10-15 16:03:10', 4, 13),
(1109, '277465', 55, '2024-10-15 16:04:19', 11, 13),
(1110, '277467', 55, '2024-10-15 16:04:41', 19, 13),
(1111, '277473', 55, '2024-10-15 16:05:02', 8, 13),
(1113, '277387', 55, '2024-10-15 16:05:36', 4, 13),
(1114, '277389', 55, '2024-10-15 16:06:01', 10, 13),
(1115, '277385', 55, '2024-10-15 16:06:20', 30, 13),
(1116, '276832', 55, '2024-10-15 16:06:41', 187, 13),
(1117, '277349', 54, '2024-10-15 16:07:23', 249, 13),
(1118, '277479', 13, '2024-10-15 16:07:54', 73, 13),
(1119, '277475', 13, '2024-10-15 16:08:15', 47, 13),
(1121, '277343', 61, '2024-10-15 16:08:55', 44, 13),
(1122, '277471', 63, '2024-10-15 16:09:24', 49, 13),
(1152, '277283', 33, '2024-10-15 16:15:26', 71, 13),
(1153, '277399', 33, '2024-10-15 16:15:45', 60, 13),
(1154, '277472', 22, '2024-10-15 16:16:40', 300, 13),
(1155, '277455', 79, '2024-10-15 16:17:15', 22, 13),
(1156, '277642', 9, '2024-10-15 16:17:38', 38, 13),
(1157, '277461', 18, '2024-10-15 16:18:05', 160, 13),
(1158, '277425', 54, '2024-10-15 16:18:47', 133, 13),
(1159, '277446', 64, '2024-10-15 16:19:11', 103, 13),
(1160, '277429', 54, '2024-10-15 16:19:40', 102, 13),
(1161, '277445', 54, '2024-10-15 16:20:06', 13, 13),
(1162, '277421', 54, '2024-10-15 16:20:24', 17, 13),
(1163, '277495', 79, '2024-10-15 16:20:56', 11, 13),
(1164, '277491', 79, '2024-10-15 16:21:15', 2, 13),
(1165, '277476', 64, '2024-10-15 16:21:45', 18, 13),
(1167, '277439', 79, '2024-10-15 16:22:29', 14, 13),
(1170, '277437', 64, '2024-10-15 16:25:41', 628, 13),
(1172, '277415', 16, '2024-10-15 16:31:58', 224, 13),
(1174, '277413', 16, '2024-10-15 16:33:19', 128, 13),
(1177, '277434', 16, '2024-10-15 16:36:11', 9, 13),
(1178, '277430', 16, '2024-10-15 16:36:18', 134, 16),
(1179, '277305', 16, '2024-10-15 16:36:53', 121, 16),
(1180, '277307', 16, '2024-10-15 16:37:16', 24, 16),
(1182, '277398', 16, '2024-10-15 16:37:48', 13, 16),
(1183, '277364', 16, '2024-10-15 16:38:23', 38, 16),
(1184, '277487', 79, '2024-10-15 16:38:53', 8, 16),
(1185, '277304', 16, '2024-10-15 16:39:05', 55, 13),
(1186, '277438', 16, '2024-10-15 16:39:25', 48, 16),
(1187, '277302', 16, '2024-10-15 16:39:39', 206, 13),
(1189, '277366', 16, '2024-10-15 16:40:16', 48, 13),
(1190, '277357', 16, '2024-10-15 16:40:43', 70, 13),
(1191, '277395', 16, '2024-10-15 16:41:15', 679, 13),
(1192, '277407', 16, '2024-10-15 16:41:44', 144, 13),
(1193, '277497', 33, '2024-10-15 16:41:56', 192, 16),
(1194, '277520', 79, '2024-10-15 16:42:14', 29, 16),
(1195, '277234', 54, '2024-10-15 16:42:44', 20, 16),
(1196, '277344', 54, '2024-10-15 16:43:04', 3, 16),
(1197, '277454', 54, '2024-10-15 16:43:25', 35, 16),
(1198, '277509', 54, '2024-10-15 16:43:34', 33, 13),
(1199, '276885', 54, '2024-10-15 16:43:55', 13, 13),
(1200, '277531', 22, '2024-10-15 16:43:57', 27, 16),
(1201, '277490', 54, '2024-10-15 16:44:16', 52, 16),
(1202, '277493', 54, '2024-10-15 16:44:16', 50, 13),
(1203, '277545', 79, '2024-10-15 16:44:38', 20, 16),
(1204, '277541', 54, '2024-10-15 16:44:45', 57, 13),
(1205, '277528', 82, '2024-10-15 16:45:01', 19, 13),
(1206, '277444', 59, '2024-10-15 16:45:13', 66, 16),
(1207, '277524', 9, '2024-10-15 16:45:33', 26, 13),
(1208, '277451', 59, '2024-10-15 16:45:36', 13, 16),
(1209, '277448', 82, '2024-10-15 16:45:54', 55, 16),
(1210, '277518', 9, '2024-10-15 16:45:57', 59, 13),
(1211, '277516', 9, '2024-10-15 16:46:20', 59, 13),
(1212, '277514', 9, '2024-10-15 16:46:29', 50, 16),
(1213, '277505', 9, '2024-10-15 16:46:50', 99, 16),
(1214, '277502', 9, '2024-10-15 16:46:54', 207, 13),
(1215, '277486', 59, '2024-10-15 16:47:19', 41, 13),
(1216, '277488', 35, '2024-10-15 16:47:49', 194, 13),
(1217, '277498', 9, '2024-10-15 16:47:56', 33, 16),
(1218, '277508', 9, '2024-10-15 16:48:31', 14, 16),
(1219, '277401', 16, '2024-10-15 16:48:34', 356, 13),
(1220, '277521', 16, '2024-10-15 16:49:01', 91, 16),
(1221, '277517', 16, '2024-10-15 16:49:19', 99, 16),
(1222, '277525', 16, '2024-10-15 16:49:53', 77, 16),
(1223, '277533', 59, '2024-10-15 16:50:11', 84, 16),
(1224, '277519', 16, '2024-10-15 16:50:41', 118, 16),
(1225, '277418', 16, '2024-10-15 16:50:55', 32, 13),
(1226, '277530', 16, '2024-10-15 16:51:10', 259, 16),
(1227, '277449', 11, '2024-10-15 16:51:37', 113, 13),
(1228, '277506', 16, '2024-10-15 16:51:50', 58, 16),
(1229, '277424', 16, '2024-10-15 16:52:07', 63, 13),
(1230, '277507', 16, '2024-10-15 16:52:14', 41, 16),
(1231, '277459', 18, '2024-10-15 16:52:40', 62, 13),
(1232, '277500', 16, '2024-10-15 16:52:46', 182, 16),
(1233, '277515', 16, '2024-10-15 16:53:05', 208, 16),
(1234, '277552', 63, '2024-10-15 16:53:06', 37, 13),
(1235, '277549', 63, '2024-10-15 16:53:36', 7, 13),
(1236, '277504', 16, '2024-10-15 16:53:37', 126, 16),
(1240, '277513', 61, '2024-10-15 16:54:06', 13, 13),
(1241, '277550', 65, '2024-10-15 16:54:37', 110, 13),
(1242, '277503', 16, '2024-10-15 16:54:49', 110, 16),
(1243, '277433', 61, '2024-10-15 16:55:08', 4, 13),
(1244, '277381', 59, '2024-10-15 16:55:34', 97, 16),
(1245, '277574', 82, '2024-10-15 16:55:52', 16, 16),
(1246, '277512', 48, '2024-10-15 16:55:53', 6, 13),
(1247, '277511', 48, '2024-10-15 16:58:08', 188, 16),
(1248, '277442', 28, '2024-10-15 16:58:08', 221, 13),
(1249, '277496', 16, '2024-10-15 16:58:30', 164, 16),
(1250, '276789', 9, '2024-10-15 16:58:40', 2, 13),
(1251, '277499', 16, '2024-10-15 16:58:59', 88, 13),
(1252, '277536', 16, '2024-10-15 16:59:06', 287, 16),
(1253, '277535', 16, '2024-10-15 16:59:27', 46, 13),
(1254, '277539', 16, '2024-10-15 16:59:38', 101, 16),
(1255, '277534', 16, '2024-10-15 16:59:50', 135, 13),
(1256, '277542', 16, '2024-10-15 17:00:09', 131, 16),
(1257, '277544', 64, '2024-10-15 17:00:31', 42, 13),
(1258, '277543', 16, '2024-10-15 17:00:45', 52, 16),
(1259, '277546', 16, '2024-10-15 17:00:59', 73, 13),
(1260, '277558', 68, '2024-10-15 17:01:17', 27, 16),
(1261, '277088', 64, '2024-10-15 17:01:50', 1, 16),
(1262, '277548', 16, '2024-10-15 17:02:17', 59, 13),
(1263, '277556', 65, '2024-10-15 17:02:19', 2, 16),
(1264, '277576', 63, '2024-10-15 17:02:52', 93, 13),
(1265, '277565', 55, '2024-10-15 17:03:01', 38, 16),
(1266, '277489', 55, '2024-10-15 17:03:30', 125, 16),
(1267, '277557', 55, '2024-10-15 17:04:29', 51, 16),
(1268, '277480', 55, '2024-10-15 17:05:41', 232, 16),
(1270, '277569', 11, '2024-10-15 17:06:56', 134, 16),
(1271, '277573', 55, '2024-10-15 17:07:20', 165, 13),
(1272, '277540', 61, '2024-10-15 17:07:29', 12, 16),
(1273, '277575', 55, '2024-10-15 17:08:01', 94, 13),
(1274, '277580', 55, '2024-10-15 17:08:23', 34, 13),
(1275, '277579', 55, '2024-10-15 17:09:00', 34, 13),
(1276, '276692', 13, '2024-10-15 17:10:25', 354, 16),
(1277, '277578', 55, '2024-10-15 17:10:34', 115, 13),
(1278, '277595', 54, '2024-10-15 17:14:33', 5, 13),
(1279, '277538', 50, '2024-10-15 17:15:02', 21, 13),
(1280, '277586', 22, '2024-10-15 17:15:34', 4, 13),
(1281, '276624', 61, '2024-10-15 17:16:02', 24, 13),
(1282, '276605', 61, '2024-10-15 17:16:21', 47, 16),
(1283, '277593', 54, '2024-10-15 17:16:50', 4, 16),
(1284, '276912', 33, '2024-10-15 17:18:50', 7, 16),
(1285, '276840', 61, '2024-10-15 17:19:15', 4, 16),
(1286, '277581', 54, '2024-10-15 17:19:23', 402, 13),
(1287, '277523', 79, '2024-10-15 17:20:14', 25, 13),
(1288, '277577', 55, '2024-10-15 17:21:36', 91, 13),
(1289, '277563', 55, '2024-10-15 17:21:53', 108, 13),
(1290, '276655', 54, '2024-10-15 17:23:35', 9, 16),
(1291, '277469', 55, '2024-10-15 17:23:54', 60, 16),
(1292, '277585', 55, '2024-10-15 17:24:13', 22, 16),
(1293, '277440', 55, '2024-10-15 17:24:44', 421, 16),
(1294, '277572', 13, '2024-10-15 17:25:19', 295, 16),
(1295, '276523', 22, '2024-10-15 17:25:42', 33, 16),
(1296, '276504', 54, '2024-10-15 17:26:04', 29, 16),
(1297, '277560', 54, '2024-10-15 17:29:08', 92, 16),
(1298, '277251', 13, '2024-10-15 17:30:09', 20, 16),
(1299, '277253', 13, '2024-10-15 17:30:27', 20, 16),
(1300, '277529', 54, '2024-10-15 17:31:06', 7, 16),
(1301, '277561', 54, '2024-10-15 17:31:56', 75, 16),
(1302, '277584', 54, '2024-10-15 17:33:55', 32, 16),
(1303, '276693', 13, '2024-10-15 17:35:17', 295, 16),
(1304, '277225', 59, '2024-10-15 17:36:53', 100, 16),
(1305, '277224', 59, '2024-10-15 17:37:26', 270, 16),
(1306, '277223', 59, '2024-10-15 17:37:50', 100, 16),
(1307, '277222', 59, '2024-10-15 17:38:12', 100, 16),
(1308, '277621', 22, '2024-10-15 17:38:53', 20, 16),
(1309, '277598', 54, '2024-10-15 17:39:25', 16, 16),
(1310, '277157', 59, '2024-10-15 17:40:04', 13, 16),
(1311, '277619', 79, '2024-10-15 17:40:27', 20, 16),
(1312, '277616', 79, '2024-10-15 17:40:53', 4, 16),
(1313, '277611', 33, '2024-10-15 17:42:15', 24, 16),
(1314, '276514', 61, '2024-10-15 17:42:44', 39, 16),
(1315, '276858', 61, '2024-10-15 17:43:07', 5, 16),
(1316, '277625', 79, '2024-10-15 17:43:44', 49, 16),
(1317, '277601', 79, '2024-10-15 17:44:03', 90, 16),
(1318, '277231', 35, '2024-10-15 17:44:53', 26, 16),
(1319, '276471', 59, '2024-10-15 17:45:43', 54, 16),
(1320, '277320', 55, '2024-10-15 17:46:09', 6, 16),
(1321, '277170', 35, '2024-10-15 17:47:01', 117, 16),
(1322, '277566', 35, '2024-10-15 17:47:38', 15, 16),
(1323, '277392', 59, '2024-10-15 17:48:09', 120, 16),
(1324, '277629', 54, '2024-10-15 17:48:45', 57, 16),
(1325, '277570', 35, '2024-10-15 17:51:23', 48, 16),
(1326, '277633', 79, '2024-10-15 17:51:52', 123, 16),
(1327, '277627', 59, '2024-10-15 17:52:41', 104, 16),
(1328, '277127', 9, '2024-10-15 17:53:21', 42, 16),
(1329, '277336', 28, '2024-10-15 17:53:47', 208, 16),
(1330, '277637', 59, '2024-10-15 17:54:24', 20, 16),
(1331, '277082', 50, '2024-10-15 19:02:52', 80, 16),
(1332, '277582', 35, '2024-10-15 19:03:15', 3, 16),
(1333, '277646', 54, '2024-10-15 19:03:38', 19, 16),
(1334, '277322', 50, '2024-10-15 19:06:42', 255, 16),
(1335, '274697', 36, '2024-10-15 19:08:32', 502, 16),
(1336, '277604', 57, '2024-10-15 19:13:49', 859, 16),
(1337, '277481', 80, '2024-10-15 19:19:16', 4, 16),
(1338, '277600', 16, '2024-10-15 19:29:14', 15, 16),
(1339, '277623', 68, '2024-10-15 19:30:07', 53, 16),
(1340, '277628', 68, '2024-10-15 19:30:31', 6, 16),
(1341, '277612', 64, '2024-10-15 19:31:13', 26, 16),
(1342, '277605', 64, '2024-10-15 19:31:41', 17, 16),
(1343, '277602', 64, '2024-10-15 19:32:10', 29, 16),
(1344, '277622', 64, '2024-10-15 19:32:34', 33, 16),
(1345, '277626', 64, '2024-10-15 19:33:01', 39, 16),
(1346, '277617', 64, '2024-10-15 19:56:49', 368, 16),
(1347, '277614', 64, '2024-10-15 19:57:38', 36, 16),
(1348, '277615', 68, '2024-10-15 19:58:16', 86, 16),
(1349, '277378', 64, '2024-10-15 19:59:20', 35, 16),
(1350, '277522', 64, '2024-10-15 20:00:07', 75, 16),
(1351, '277597', 32, '2024-10-15 20:01:33', 139, 16),
(1352, '277599', 63, '2024-10-15 20:02:43', 188, 16),
(1353, '277610', 53, '2024-10-15 20:03:50', 211, 16),
(1354, '277501', 11, '2024-10-15 20:04:24', 89, 16),
(1355, '277562', 65, '2024-10-15 20:08:05', 80, 16),
(1356, '277613', 11, '2024-10-15 20:28:08', 193, 16),
(1357, '277474', 32, '2024-10-15 20:28:50', 13, 16),
(1358, '277583', 53, '2024-10-15 20:29:29', 6, 16),
(1359, '277559', 11, '2024-10-15 20:29:48', 54, 16),
(1360, '277645', 56, '2024-10-15 20:59:50', 6, 16),
(1361, '277643', 56, '2024-10-15 21:00:36', 83, 16),
(1362, '277609', 56, '2024-10-15 21:01:25', 59, 16),
(1363, '277596', 56, '2024-10-15 21:02:09', 15, 16),
(1364, '277588', 56, '2024-10-15 21:02:44', 45, 16),
(1365, '277590', 56, '2024-10-15 21:03:13', 6, 16),
(1366, '276965', 71, '2024-10-15 21:05:41', 93, 16),
(1367, '277254', 34, '2024-10-16 08:17:24', 178, 13),
(1368, '277647', 34, '2024-10-16 08:17:49', 20, 13),
(1369, '277207', 44, '2024-10-16 08:25:22', 43, 13),
(1370, '276649', 39, '2024-10-16 08:25:57', 207, 13),
(1371, '276525', 39, '2024-10-16 08:26:25', 64, 13),
(1372, '277104', 39, '2024-10-16 08:26:46', 3, 13),
(1373, '277081', 39, '2024-10-16 08:27:03', 30, 13),
(1374, '276155', 39, '2024-10-16 08:27:44', 24, 13),
(1375, '276129', 39, '2024-10-16 08:28:05', 113, 13),
(1376, '276049', 39, '2024-10-16 08:28:31', 75, 13),
(1377, '275791', 39, '2024-10-16 08:29:09', 52, 13),
(1378, '275665', 39, '2024-10-16 08:30:36', 36, 13),
(1379, '277587', 75, '2024-10-16 08:48:00', 20, 13),
(1380, '277402', 75, '2024-10-16 09:04:22', 38, 13),
(1381, '277453', 75, '2024-10-16 09:04:54', 42, 13),
(1382, '277460', 66, '2024-10-16 09:05:27', 54, 13),
(1383, '277463', 66, '2024-10-16 09:05:59', 108, 13),
(1385, '277084', 76, '2024-10-16 09:10:04', 243, 13),
(1386, '277165', 37, '2024-10-16 09:10:35', 45, 13),
(1387, '277673', 56, '2024-10-16 09:13:56', 15, 11),
(1388, '277674', 56, '2024-10-16 09:14:27', 15, 11),
(1389, '277618', 56, '2024-10-16 09:18:55', 6, 13),
(1390, '277268', 60, '2024-10-16 09:38:52', 197, 13),
(1391, '277267', 44, '2024-10-16 09:39:32', 136, 13),
(1392, '277638', 44, '2024-10-16 09:40:13', 399, 13),
(1393, '277568', 73, '2024-10-16 09:40:39', 54, 13),
(1394, '277537', 73, '2024-10-16 09:41:02', 29, 13),
(1395, '277547', 73, '2024-10-16 09:41:28', 4, 13),
(1396, '277640', 44, '2024-10-16 09:41:53', 1, 13),
(1397, '277659', 56, '2024-10-16 09:56:54', 114, 13),
(1398, '277683', 56, '2024-10-16 09:57:20', 16, 13),
(1399, '277703', 56, '2024-10-16 10:12:34', 13, 11),
(1400, '277706', 39, '2024-10-16 10:30:44', 22, 13),
(1401, '276638', 39, '2024-10-16 10:31:23', 17, 13),
(1402, '277700', 39, '2024-10-16 10:31:48', 24, 13),
(1403, '277630', 56, '2024-10-16 10:32:56', 60, 13),
(1404, '277707', 56, '2024-10-16 10:37:40', 22, 13),
(1405, '277704', 56, '2024-10-16 10:38:07', 10, 13),
(1406, '277701', 56, '2024-10-16 10:38:24', 8, 13),
(1407, '277726', 56, '2024-10-16 10:42:53', 59, 13),
(1408, '277715', 37, '2024-10-16 10:49:03', 541, 13),
(1409, '277718', 47, '2024-10-16 10:53:53', 24, 13),
(1410, '277717', 37, '2024-10-16 10:54:31', 3, 13),
(1411, '277719', 47, '2024-10-16 10:55:05', 45, 13),
(1412, '277697', 64, '2024-10-16 10:55:45', 136, 13),
(1413, '277696', 64, '2024-10-16 10:56:15', 35, 13),
(1414, '277699', 79, '2024-10-16 10:58:50', 103, 13),
(1415, '277731', 37, '2024-10-16 11:02:32', 140, 13),
(1416, '277666', 11, '2024-10-16 11:05:20', 43, 13),
(1417, '277729', 63, '2024-10-16 11:05:49', 6, 13),
(1418, '277668', 63, '2024-10-16 11:06:14', 37, 13),
(1419, '277736', 56, '2024-10-16 11:10:14', 47, 13),
(1420, '277749', 47, '2024-10-16 11:19:50', 18, 13),
(1421, '277742', 11, '2024-10-16 11:20:25', 240, 13),
(1422, '277607', 56, '2024-10-16 11:22:00', 15, 13),
(1423, '277747', 56, '2024-10-16 11:39:44', 19, 13),
(1424, '277746', 56, '2024-10-16 11:40:20', 19, 13),
(1425, '277776', 73, '2024-10-16 11:40:51', 10, 13),
(1426, '277778', 56, '2024-10-16 11:44:57', 24, 13),
(1427, '277773', 56, '2024-10-16 11:45:21', 60, 13),
(1428, '277762', 44, '2024-10-16 11:46:04', 103, 13),
(1429, '277752', 82, '2024-10-16 11:52:21', 262, 13),
(1430, '277772', 8, '2024-10-16 11:54:09', 67, 13),
(1432, '277796', 25, '2024-10-16 12:16:09', 61, 11),
(1433, '277783', 56, '2024-10-16 12:17:34', 9, 11),
(1434, '277758', 56, '2024-10-16 12:18:09', 3, 11),
(1435, '277777', 56, '2024-10-16 12:22:32', 12, 11),
(1436, '276070', 26, '2024-10-16 12:23:04', 13, 11),
(1437, '277808', 56, '2024-10-16 13:07:27', 19, 13),
(1438, '277228', 34, '2024-10-16 13:08:36', 40, 13),
(1439, '277404', 34, '2024-10-16 13:08:58', 47, 13),
(1441, '277806', 56, '2024-10-16 13:10:28', 48, 13),
(1442, '277792', 34, '2024-10-16 13:11:05', 281, 13),
(1443, '277494', 34, '2024-10-16 13:11:55', 62, 13),
(1444, '277632', 34, '2024-10-16 13:12:24', 33, 13),
(1445, '277634', 34, '2024-10-16 13:14:47', 20, 13),
(1446, '277636', 34, '2024-10-16 13:15:35', 69, 13),
(1447, '277711', 26, '2024-10-16 13:41:33', 30, 69),
(1452, '277791', 26, '2024-10-16 13:46:19', 12, 13),
(1453, '277661', 79, '2024-10-16 13:46:58', 24, 13),
(1454, '277660', 79, '2024-10-16 13:47:23', 17, 13),
(1455, '277804', 67, '2024-10-16 13:47:52', 411, 13),
(1456, '277787', 67, '2024-10-16 13:48:19', 995, 13),
(1458, '277830', 39, '2024-10-16 14:06:45', 34, 69),
(1459, '277827', 19, '2024-10-16 14:07:51', 72, 69),
(1460, '277826', 19, '2024-10-16 14:09:12', 59, 69),
(1461, '277825', 47, '2024-10-16 14:10:08', 26, 13),
(1462, '277828', 47, '2024-10-16 14:10:17', 33, 69),
(1463, '277788', 47, '2024-10-16 14:10:36', 158, 13),
(1464, '277784', 47, '2024-10-16 14:10:50', 58, 69),
(1465, '277695', 64, '2024-10-16 14:11:09', 71, 13),
(1466, '277824', 76, '2024-10-16 14:11:22', 29, 69),
(1467, '277822', 76, '2024-10-16 14:11:51', 238, 69),
(1468, '277794', 64, '2024-10-16 14:11:53', 6, 13),
(1469, '277793', 37, '2024-10-16 14:12:19', 152, 69),
(1470, '277839', 44, '2024-10-16 14:26:45', 2, 69),
(1471, '277795', 56, '2024-10-16 14:29:25', 124, 69),
(1472, '277819', 56, '2024-10-16 14:30:44', 32, 69),
(1473, '277835', 60, '2024-10-16 14:31:38', 80, 13),
(1474, '277837', 60, '2024-10-16 14:31:55', 366, 69),
(1475, '277744', 54, '2024-10-16 14:32:15', 42, 13),
(1476, '277836', 44, '2024-10-16 14:48:25', 79, 13),
(1482, '277841', 56, '2024-10-16 14:51:36', 30, 13),
(1486, '277861', 39, '2024-10-16 15:10:37', 8, 13),
(1487, '277866', 73, '2024-10-16 15:18:56', 189, 16),
(1488, '277854', 44, '2024-10-16 15:20:48', 25, 16),
(1489, '277858', 60, '2024-10-16 15:22:56', 129, 16),
(1490, '277852', 44, '2024-10-16 15:24:18', 20, 16),
(1491, '277831', 53, '2024-10-16 15:24:41', 16, 16),
(1492, '277832', 53, '2024-10-16 15:25:12', 16, 16),
(1493, '277864', 60, '2024-10-16 15:26:05', 73, 16),
(1494, '277869', 39, '2024-10-16 15:26:59', 19, 16),
(1495, '277865', 77, '2024-10-16 15:28:07', 28, 16),
(1496, '277751', 77, '2024-10-16 15:28:44', 175, 16),
(1497, '277740', 77, '2024-10-16 15:29:09', 45, 16),
(1498, '277845', 55, '2024-10-16 15:29:29', 130, 16),
(1499, '277895', 73, '2024-10-16 16:00:45', 24, 16),
(1500, '277893', 73, '2024-10-16 16:01:13', 21, 16),
(1501, '277890', 73, '2024-10-16 16:01:35', 24, 16),
(1502, '277888', 73, '2024-10-16 16:02:05', 21, 16),
(1503, '277873', 73, '2024-10-16 16:02:31', 6, 16),
(1505, '277848', 26, '2024-10-16 16:18:45', 62, 16),
(1506, '277863', 34, '2024-10-16 16:19:02', 106, 16),
(1507, '277807', 56, '2024-10-16 16:22:04', 150, 16),
(1508, '277886', 44, '2024-10-16 16:22:44', 22, 16),
(1509, '277909', 8, '2024-10-16 16:29:14', 55, 16),
(1510, '277907', 44, '2024-10-16 16:29:37', 40, 16),
(1511, '277906', 44, '2024-10-16 16:30:05', 44, 16),
(1512, '277905', 21, '2024-10-16 16:30:39', 5, 16),
(1513, '277902', 21, '2024-10-16 16:31:52', 277, 16),
(1514, '277931', 19, '2024-10-16 16:44:51', 4, 13),
(1515, '277900', 19, '2024-10-16 16:45:11', 48, 13),
(1516, '277892', 19, '2024-10-16 16:45:36', 47, 13),
(1517, '277883', 37, '2024-10-16 16:46:02', 77, 13);
INSERT INTO `pedidos` (`id_pedido`, `numero_pedido`, `id_ruta`, `fecha`, `cantidad_unidades`, `distribuidor_pedidos`) VALUES
(1518, '277823', 37, '2024-10-16 16:46:26', 15, 13),
(1519, '277917', 37, '2024-10-16 16:46:48', 6, 13),
(1520, '277876', 19, '2024-10-16 16:47:12', 2, 13),
(1521, '277790', 47, '2024-10-16 16:47:39', 72, 13),
(1522, '277914', 19, '2024-10-16 16:48:20', 506, 13),
(1523, '277923', 68, '2024-10-16 16:52:55', 35, 69),
(1524, '277932', 77, '2024-10-16 16:53:38', 7, 69),
(1526, '277930', 77, '2024-10-16 17:04:23', 27, 69),
(1527, '277934', 77, '2024-10-16 17:05:27', 5, 69),
(1528, '277874', 44, '2024-10-16 17:06:16', 63, 69),
(1529, '277878', 44, '2024-10-16 17:06:55', 18, 69),
(1530, '277956', 21, '2024-10-16 17:07:21', 236, 13),
(1531, '277840', 60, '2024-10-16 17:07:28', 89, 69),
(1532, '277949', 73, '2024-10-16 17:07:48', 184, 13),
(1533, '277941', 44, '2024-10-16 17:08:17', 143, 13),
(1534, '277935', 44, '2024-10-16 17:08:51', 418, 13),
(1535, '277961', 77, '2024-10-16 17:13:36', 20, 13),
(1536, '277880', 64, '2024-10-16 17:16:46', 47, 69),
(1537, '277952', 77, '2024-10-16 17:17:25', 92, 69),
(1538, '277964', 64, '2024-10-16 17:18:36', 104, 69),
(1539, '277962', 64, '2024-10-16 17:19:08', 24, 69),
(1540, '277945', 16, '2024-10-16 17:21:28', 223, 11),
(1541, '277927', 18, '2024-10-16 17:22:32', 79, 16),
(1542, '277924', 18, '2024-10-16 17:23:01', 41, 16),
(1543, '277920', 18, '2024-10-16 17:23:23', 122, 16),
(1544, '277910', 18, '2024-10-16 17:23:42', 64, 16),
(1545, '277851', 80, '2024-10-16 17:24:08', 4, 16),
(1546, '277947', 16, '2024-10-16 17:24:12', 30, 11),
(1547, '277853', 10, '2024-10-16 17:24:32', 17, 16),
(1548, '277948', 80, '2024-10-16 17:24:43', 19, 11),
(1549, '277904', 82, '2024-10-16 17:24:50', 15, 16),
(1550, '277850', 80, '2024-10-16 17:25:15', 6, 16),
(1551, '277937', 20, '2024-10-16 17:25:24', 101, 11),
(1552, '277849', 18, '2024-10-16 17:25:41', 139, 16),
(1553, '277846', 18, '2024-10-16 17:26:04', 210, 16),
(1554, '277929', 80, '2024-10-16 17:26:08', 291, 11),
(1555, '277847', 82, '2024-10-16 17:26:29', 18, 16),
(1556, '277818', 80, '2024-10-16 17:27:17', 81, 11),
(1558, '277760', 80, '2024-10-16 17:49:03', 12, 16),
(1559, '277753', 82, '2024-10-16 17:49:22', 12, 16),
(1560, '277677', 80, '2024-10-16 17:49:39', 30, 16),
(1561, '277908', 34, '2024-10-16 17:50:03', 10, 16),
(1562, '277799', 80, '2024-10-16 17:50:23', 9, 16),
(1563, '277764', 18, '2024-10-16 17:50:47', 3, 16),
(1564, '277738', 80, '2024-10-16 17:51:19', 42, 16),
(1565, '277748', 80, '2024-10-16 17:51:42', 6, 16),
(1566, '277720', 10, '2024-10-16 17:52:04', 152, 16),
(1567, '277737', 80, '2024-10-16 17:52:34', 120, 16),
(1568, '277986', 76, '2024-10-16 17:53:02', 192, 16),
(1569, '277857', 77, '2024-10-16 17:53:55', 233, 16),
(1570, '277775', 20, '2024-10-16 17:54:32', 1430, 16),
(1571, '277766', 73, '2024-10-16 17:55:42', 172, 16),
(1572, '277981', 63, '2024-10-16 17:56:06', 29, 16),
(1573, '277862', 60, '2024-10-16 17:56:40', 29, 16),
(1574, '277768', 8, '2024-10-16 17:57:21', 20, 16),
(1575, '277965', 8, '2024-10-16 17:58:00', 227, 16),
(1576, '277967', 8, '2024-10-16 17:58:24', 18, 16),
(1577, '277915', 65, '2024-10-16 17:58:57', 277915, 16),
(1578, '277767', 8, '2024-10-16 18:00:32', 24, 16),
(1579, '277977', 63, '2024-10-16 18:01:04', 90, 16),
(1580, '277975', 63, '2024-10-16 18:01:50', 30, 16),
(1581, '277973', 63, '2024-10-16 18:02:27', 18, 16),
(1582, '277971', 44, '2024-10-16 18:03:35', 18, 16),
(1583, '277959', 44, '2024-10-16 18:04:24', 56, 16),
(1584, '277833', 44, '2024-10-16 18:05:14', 39, 16),
(1585, '277919', 65, '2024-10-16 18:06:10', 124, 16),
(1586, '277722', 63, '2024-10-16 18:06:50', 7, 16),
(1587, '277702', 11, '2024-10-16 18:07:14', 57, 16),
(1588, '277675', 80, '2024-10-16 18:07:38', 74, 16),
(1589, '277686', 9, '2024-10-16 18:08:17', 14, 16),
(1590, '277688', 9, '2024-10-16 18:08:54', 80, 16),
(1591, '277996', 53, '2024-10-16 19:03:19', 295, 16),
(1592, '277993', 63, '2024-10-16 19:03:51', 11, 16),
(1593, '277994', 44, '2024-10-16 19:04:29', 44, 16),
(1594, '277989', 63, '2024-10-16 19:04:58', 15, 16),
(1595, '277992', 11, '2024-10-16 19:05:25', 35, 16),
(1596, '277991', 63, '2024-10-16 19:05:59', 36, 16),
(1597, '277990', 53, '2024-10-16 19:06:56', 18, 16),
(1598, '278000', 56, '2024-10-16 19:08:24', 6, 16),
(1599, '277728', 50, '2024-10-16 19:08:52', 26, 16),
(1600, '277988', 35, '2024-10-16 19:09:13', 146, 16),
(1601, '277821', 56, '2024-10-16 19:09:36', 39, 16),
(1602, '277921', 56, '2024-10-16 19:11:47', 38, 16),
(1603, '277943', 56, '2024-10-16 19:12:11', 12, 16),
(1604, '277950', 56, '2024-10-16 19:12:33', 8, 16),
(1605, '277922', 56, '2024-10-16 19:12:59', 48, 16),
(1606, '277918', 56, '2024-10-16 19:13:17', 65, 16),
(1607, '277912', 56, '2024-10-16 19:13:35', 4, 16),
(1608, '277730', 79, '2024-10-16 21:27:53', 19, 16),
(1609, '277855', 79, '2024-10-16 21:28:27', 32, 16),
(1610, '277725', 79, '2024-10-16 21:30:22', 25, 16),
(1611, '277724', 79, '2024-10-16 21:30:56', 4, 16),
(1612, '277708', 79, '2024-10-16 21:31:12', 36, 16),
(1613, '277658', 79, '2024-10-16 21:31:34', 104, 16),
(1614, '278003', 54, '2024-10-16 21:31:58', 63, 16),
(1615, '277972', 54, '2024-10-16 21:32:24', 12, 16),
(1616, '277710', 54, '2024-10-16 21:32:43', 3, 16),
(1617, '277713', 54, '2024-10-16 21:33:24', 139, 16),
(1618, '277774', 54, '2024-10-16 21:33:51', 2, 16),
(1619, '277871', 54, '2024-10-16 21:34:10', 37, 16),
(1620, '277894', 54, '2024-10-16 21:34:52', 16, 16),
(1621, '277899', 54, '2024-10-16 21:35:13', 29, 16),
(1622, '277926', 54, '2024-10-16 21:35:33', 2, 16),
(1623, '277812', 33, '2024-10-16 21:36:00', 4, 16),
(1624, '277868', 79, '2024-10-16 21:36:16', 2, 16),
(1625, '277963', 22, '2024-10-16 21:36:33', 2, 16),
(1626, '277983', 79, '2024-10-16 21:36:51', 13, 16),
(1627, '277999', 79, '2024-10-16 21:37:15', 111, 16),
(1628, '277997', 79, '2024-10-16 21:37:41', 5, 16),
(1629, '277797', 79, '2024-10-16 21:37:55', 6, 16),
(1630, '277811', 33, '2024-10-16 21:38:14', 7, 16),
(1631, '277810', 79, '2024-10-16 21:39:04', 156, 16),
(1632, '277676', 33, '2024-10-16 21:40:52', 622, 16),
(1633, '277903', 22, '2024-10-16 21:41:18', 81, 16),
(1634, '277670', 79, '2024-10-16 21:41:43', 4, 16),
(1635, '277589', 79, '2024-10-16 21:42:07', 3, 16),
(1636, '277968', 79, '2024-10-16 21:42:25', 2, 16),
(1637, '277716', 79, '2024-10-16 21:43:18', 109, 16),
(1638, '277813', 54, '2024-10-16 21:48:16', 321, 16),
(1639, '277879', 33, '2024-10-16 21:48:45', 129, 16),
(1640, '277663', 22, '2024-10-16 21:50:53', 106, 16),
(1641, '278014', 56, '2024-10-16 21:52:00', 31, 16),
(1642, '278012', 26, '2024-10-16 21:54:30', 49, 16),
(1643, '278010', 26, '2024-10-16 21:54:54', 39, 16),
(1644, '277958', 9, '2024-10-17 08:20:04', 74, 69),
(1645, '278004', 80, '2024-10-17 08:23:30', 130, 13),
(1646, '277969', 10, '2024-10-17 08:23:59', 21, 13),
(1647, '277966', 80, '2024-10-17 08:24:15', 10, 13),
(1648, '277951', 9, '2024-10-17 08:24:24', 19, 11),
(1649, '277979', 80, '2024-10-17 08:24:38', 1, 13),
(1650, '278005', 80, '2024-10-17 08:24:58', 50, 13),
(1651, '278015', 26, '2024-10-17 08:26:17', 65, 11),
(1652, '277954', 9, '2024-10-17 08:27:13', 101, 11),
(1654, '277998', 9, '2024-10-17 08:32:55', 750, 13),
(1655, '277928', 79, '2024-10-17 08:35:06', 204, 13),
(1656, '277984', 54, '2024-10-17 08:35:47', 250, 13),
(1657, '278019', 34, '2024-10-17 08:36:29', 63, 13),
(1658, '278018', 34, '2024-10-17 08:37:32', 137, 13),
(1659, '277960', 56, '2024-10-17 08:42:16', 202, 13),
(1660, '278016', 26, '2024-10-17 08:44:47', 119, 13),
(1661, '278041', 34, '2024-10-17 09:10:15', 12, 13),
(1662, '277484', 34, '2024-10-17 09:13:16', 156, 13),
(1663, '277911', 56, '2024-10-17 09:13:52', 12, 13),
(1664, '277805', 48, '2024-10-17 09:15:44', 18, 13),
(1665, '277802', 48, '2024-10-17 09:16:10', 30, 13),
(1666, '277877', 75, '2024-10-17 09:16:34', 15, 13),
(1667, '277881', 75, '2024-10-17 09:23:16', 399, 13),
(1668, '278023', 79, '2024-10-17 09:27:30', 2, 13),
(1669, '277820', 79, '2024-10-17 09:27:55', 49, 13),
(1670, '278057', 56, '2024-10-17 09:31:02', 2, 13),
(1671, '278046', 56, '2024-10-17 09:31:27', 2, 13),
(1672, '278040', 56, '2024-10-17 09:32:19', 20, 13),
(1673, '278042', 56, '2024-10-17 09:57:50', 8, 13),
(1674, '278020', 26, '2024-10-17 09:58:17', 55, 13),
(1678, '278089', 16, '2024-10-17 10:56:20', 90, 11),
(1679, '277898', 26, '2024-10-17 10:57:10', 48, 11),
(1680, '277970', 26, '2024-10-17 10:57:53', 45, 11),
(1681, '277976', 26, '2024-10-17 10:58:13', 72, 11),
(1682, '278056', 79, '2024-10-17 10:59:08', 1, 11),
(1683, '277957', 34, '2024-10-17 10:59:29', 6, 11),
(1684, '278075', 79, '2024-10-17 10:59:59', 48, 11),
(1685, '278069', 79, '2024-10-17 11:01:03', 51, 11),
(1686, '278050', 79, '2024-10-17 11:02:36', 62, 11),
(1687, '278055', 79, '2024-10-17 11:03:25', 77, 11),
(1688, '278084', 26, '2024-10-17 11:05:01', 1142, 11),
(1689, '278064', 26, '2024-10-17 11:06:19', 112, 11),
(1690, '278074', 26, '2024-10-17 11:08:47', 158, 13),
(1691, '278096', 54, '2024-10-17 11:09:15', 60, 13),
(1692, '278105', 9, '2024-10-17 11:10:46', 26, 13),
(1693, '278067', 9, '2024-10-17 11:11:10', 120, 13),
(1694, '278103', 9, '2024-10-17 11:11:39', 11, 13),
(1695, '278025', 16, '2024-10-17 11:12:04', 111, 13),
(1696, '278095', 16, '2024-10-17 11:12:21', 111, 13),
(1697, '278073', 16, '2024-10-17 11:13:34', 69, 13),
(1698, '277867', 56, '2024-10-17 11:13:52', 10, 13),
(1699, '278127', 9, '2024-10-17 11:16:45', 56, 13),
(1700, '278097', 16, '2024-10-17 11:17:22', 44, 13),
(1701, '278099', 16, '2024-10-17 11:17:41', 125, 13),
(1702, '278077', 16, '2024-10-17 11:18:04', 78, 13),
(1703, '278100', 16, '2024-10-17 11:18:59', 91, 13),
(1704, '278101', 16, '2024-10-17 11:19:22', 64, 13),
(1705, '277816', 80, '2024-10-17 11:19:48', 238, 13),
(1706, '278091', 54, '2024-10-17 11:22:41', 12, 13),
(1707, '278081', 54, '2024-10-17 11:23:03', 24, 13),
(1708, '278102', 34, '2024-10-17 11:23:29', 231, 13),
(1709, '277842', 59, '2024-10-17 11:24:36', 72, 13),
(1710, '277844', 59, '2024-10-17 11:24:58', 18, 13),
(1711, '278124', 79, '2024-10-17 11:25:21', 14, 13),
(1712, '278158', 56, '2024-10-17 11:31:33', 88, 13),
(1713, '278148', 80, '2024-10-17 11:32:10', 42, 13),
(1714, '278104', 16, '2024-10-17 11:32:43', 15, 13),
(1715, '278076', 16, '2024-10-17 11:33:27', 16, 13),
(1716, '278079', 75, '2024-10-17 11:36:11', 20, 13),
(1717, '277048', 16, '2024-10-17 11:38:07', 8, 13),
(1718, '278128', 64, '2024-10-17 11:39:03', 45, 13),
(1719, '278110', 9, '2024-10-17 11:40:43', 19, 13),
(1720, '278112', 64, '2024-10-17 11:44:42', 12, 13),
(1721, '278119', 9, '2024-10-17 11:45:41', 36, 13),
(1722, '278140', 9, '2024-10-17 11:47:26', 68, 13),
(1723, '278159', 9, '2024-10-17 11:48:12', 20, 13),
(1724, '278151', 80, '2024-10-17 11:48:33', 12, 13),
(1725, '277809', 75, '2024-10-17 11:49:54', 15, 13),
(1726, '278121', 9, '2024-10-17 11:51:02', 60, 13),
(1727, '278049', 26, '2024-10-17 11:51:49', 82, 13),
(1728, '278027', 26, '2024-10-17 11:52:13', 50, 13),
(1730, '278123', 9, '2024-10-17 11:58:27', 72, 11),
(1731, '278092', 16, '2024-10-17 11:59:31', 68, 11),
(1732, '278093', 16, '2024-10-17 12:01:12', 37, 11),
(1733, '278118', 9, '2024-10-17 12:07:21', 32, 11),
(1734, '278078', 16, '2024-10-17 12:08:11', 27, 11),
(1735, '278120', 26, '2024-10-17 12:08:50', 50, 11),
(1736, '278021', 26, '2024-10-17 12:09:35', 25, 11),
(1737, '278163', 26, '2024-10-17 12:12:55', 70, 11),
(1738, '276862', 16, '2024-10-17 12:14:53', 21, 11),
(1739, '278133', 9, '2024-10-17 12:15:33', 194, 11),
(1741, '278185', 56, '2024-10-17 13:05:29', 42, 11),
(1742, '278165', 56, '2024-10-17 13:09:14', 13, 11),
(1743, '278170', 56, '2024-10-17 13:10:00', 6, 11),
(1744, '278051', 56, '2024-10-17 13:16:06', 136, 11),
(1745, '278026', 56, '2024-10-17 13:18:09', 260, 11),
(1746, '278044', 56, '2024-10-17 13:19:17', 9, 11),
(1747, '278187', 56, '2024-10-17 13:22:30', 46, 11),
(1748, '278038', 56, '2024-10-17 13:34:46', 86, 13),
(1749, '278114', 56, '2024-10-17 13:35:09', 4, 13),
(1750, '278125', 34, '2024-10-17 13:35:56', 43, 13),
(1751, '278132', 26, '2024-10-17 13:36:19', 45, 13),
(1752, '278135', 26, '2024-10-17 13:38:29', 5, 13),
(1753, '278138', 26, '2024-10-17 13:38:51', 91, 13),
(1754, '278184', 83, '2024-10-17 13:40:36', 102, 11),
(1755, '278139', 26, '2024-10-17 13:41:44', 10, 13),
(1756, '278156', 59, '2024-10-17 13:42:36', 64, 13),
(1757, '278117', 9, '2024-10-17 13:45:33', 258, 11),
(1758, '277987', 56, '2024-10-17 13:47:45', 76, 11),
(1759, '278174', 56, '2024-10-17 13:55:49', 60, 13),
(1760, '277913', 35, '2024-10-17 13:56:18', 49, 13),
(1761, '278162', 79, '2024-10-17 13:57:28', 27, 13),
(1762, '278136', 55, '2024-10-17 13:57:52', 16, 13),
(1763, '278130', 55, '2024-10-17 13:58:49', 18, 13),
(1764, '278134', 55, '2024-10-17 13:59:08', 21, 13),
(1766, '277721', 55, '2024-10-17 14:05:16', 1139, 13),
(1767, '278211', 56, '2024-10-17 14:05:42', 25, 13),
(1768, '278043', 55, '2024-10-17 14:06:07', 144, 13),
(1769, '278161', 55, '2024-10-17 14:06:30', 7, 13),
(1770, '277938', 55, '2024-10-17 14:07:05', 261, 13),
(1771, '277709', 55, '2024-10-17 14:07:24', 40, 13),
(1772, '278048', 55, '2024-10-17 14:07:58', 5, 13),
(1773, '278142', 55, '2024-10-17 14:08:19', 26, 13),
(1774, '278204', 80, '2024-10-17 14:10:29', 5, 13),
(1775, '278183', 80, '2024-10-17 14:11:19', 42, 13),
(1776, '278178', 74, '2024-10-17 14:11:47', 96, 13),
(1777, '278149', 55, '2024-10-17 14:12:13', 32, 13),
(1778, '278145', 55, '2024-10-17 14:12:33', 12, 13),
(1779, '277732', 55, '2024-10-17 14:13:03', 29, 13),
(1780, '277771', 55, '2024-10-17 14:13:22', 32, 13),
(1783, '278122', 54, '2024-10-17 14:14:51', 181, 11),
(1784, '278152', 54, '2024-10-17 14:15:26', 23, 11),
(1785, '278190', 54, '2024-10-17 14:16:09', 14, 11),
(1786, '278192', 54, '2024-10-17 14:16:42', 12, 11),
(1787, '278146', 54, '2024-10-17 14:16:45', 1134, 13),
(1788, '278150', 54, '2024-10-17 14:17:11', 16, 11),
(1789, '278200', 79, '2024-10-17 14:17:14', 33, 13),
(1790, '277801', 54, '2024-10-17 14:17:33', 2, 13),
(1791, '277982', 54, '2024-10-17 14:17:42', 17, 11),
(1792, '278191', 79, '2024-10-17 14:18:03', 20, 13),
(1793, '277838', 54, '2024-10-17 14:18:07', 4, 11),
(1794, '278189', 79, '2024-10-17 14:18:18', 4, 13),
(1795, '277843', 54, '2024-10-17 14:18:35', 6, 11),
(1796, '278196', 79, '2024-10-17 14:18:40', 2, 13),
(1797, '277734', 54, '2024-10-17 14:19:06', 6, 11),
(1798, '278195', 79, '2024-10-17 14:19:46', 33, 13),
(1799, '278177', 79, '2024-10-17 14:19:55', 21, 11),
(1800, '278131', 79, '2024-10-17 14:20:15', 9, 13),
(1801, '278197', 79, '2024-10-17 14:20:25', 1, 11),
(1802, '278137', 54, '2024-10-17 14:20:46', 32, 13),
(1803, '278193', 79, '2024-10-17 14:20:48', 2, 11),
(1804, '276807', 83, '2024-10-17 14:21:11', 45, 13),
(1805, '277814', 79, '2024-10-17 14:21:26', 115, 11),
(1806, '276741', 83, '2024-10-17 14:21:32', 82, 13),
(1807, '278035', 79, '2024-10-17 14:22:17', 46, 13),
(1808, '278031', 79, '2024-10-17 14:22:23', 31, 11),
(1809, '278086', 79, '2024-10-17 14:22:50', 12, 13),
(1810, '278087', 79, '2024-10-17 14:23:00', 42, 11),
(1811, '278033', 79, '2024-10-17 14:23:19', 19, 13),
(1812, '278063', 79, '2024-10-17 14:23:36', 46, 11),
(1813, '278030', 79, '2024-10-17 14:23:48', 55, 13),
(1814, '277815', 79, '2024-10-17 14:24:08', 12, 13),
(1815, '278115', 22, '2024-10-17 14:24:43', 207, 13),
(1816, '278034', 79, '2024-10-17 14:24:48', 54, 11),
(1817, '278022', 59, '2024-10-17 14:48:13', 57, 13),
(1818, '278028', 59, '2024-10-17 14:48:31', 98, 13),
(1819, '278217', 64, '2024-10-17 14:58:32', 18, 13),
(1820, '278241', 74, '2024-10-17 14:59:21', 25, 13),
(1821, '278243', 80, '2024-10-17 14:59:49', 122, 13),
(1822, '278047', 18, '2024-10-17 15:00:48', 91, 13),
(1823, '278083', 9, '2024-10-17 15:01:15', 135, 13),
(1824, '278037', 82, '2024-10-17 15:01:34', 50, 13),
(1825, '278147', 82, '2024-10-17 15:01:55', 6, 13),
(1826, '278213', 82, '2024-10-17 15:02:15', 40, 13),
(1827, '278226', 80, '2024-10-17 15:02:34', 22, 13),
(1828, '278228', 80, '2024-10-17 15:02:54', 5, 13),
(1829, '278253', 83, '2024-10-17 15:03:12', 12, 13),
(1830, '278254', 34, '2024-10-17 15:03:36', 42, 13),
(1831, '278247', 18, '2024-10-17 15:04:08', 1014, 13),
(1832, '278244', 79, '2024-10-17 15:04:37', 13, 13),
(1833, '278242', 54, '2024-10-17 15:05:01', 22, 13),
(1834, '278237', 27, '2024-10-17 15:05:28', 327, 13),
(1835, '278220', 79, '2024-10-17 15:10:45', 19, 13),
(1836, '278225', 79, '2024-10-17 15:11:13', 6, 13),
(1837, '278186', 55, '2024-10-17 15:13:01', 94, 13),
(1838, '278236', 54, '2024-10-17 15:13:26', 17, 13),
(1839, '278173', 34, '2024-10-17 15:14:02', 545, 13),
(1840, '278088', 63, '2024-10-17 15:14:25', 65, 13),
(1841, '278045', 26, '2024-10-17 15:14:51', 46, 13),
(1842, '278179', 54, '2024-10-17 15:15:24', 7, 13),
(1843, '278245', 79, '2024-10-17 15:15:47', 1, 13),
(1844, '278199', 79, '2024-10-17 15:16:15', 40, 13),
(1845, '278216', 54, '2024-10-17 15:16:34', 9, 13),
(1846, '278249', 55, '2024-10-17 15:17:40', 53, 13),
(1847, '278251', 55, '2024-10-17 15:18:16', 10, 13),
(1848, '278219', 56, '2024-10-17 15:19:17', 100, 13),
(1849, '278224', 56, '2024-10-17 15:19:41', 20, 13),
(1850, '278231', 56, '2024-10-17 15:20:06', 88, 13),
(1852, '278277', 79, '2024-10-17 15:43:46', 21, 13),
(1853, '278271', 79, '2024-10-17 15:44:02', 16, 13),
(1854, '278206', 54, '2024-10-17 15:44:26', 5, 13),
(1855, '278273', 34, '2024-10-17 15:44:53', 36, 13),
(1856, '278270', 26, '2024-10-17 15:45:24', 8, 13),
(1857, '278260', 34, '2024-10-17 15:45:46', 15, 13),
(1858, '278256', 34, '2024-10-17 15:46:50', 274, 13),
(1859, '275720', 27, '2024-10-17 15:47:33', 10, 13),
(1860, '278264', 74, '2024-10-17 15:48:01', 10, 13),
(1861, '278188', 25, '2024-10-17 15:53:14', 59, 13),
(1862, '278269', 75, '2024-10-17 15:53:38', 37, 13),
(1863, '278261', 75, '2024-10-17 15:54:01', 29, 13),
(1864, '278266', 75, '2024-10-17 15:54:30', 44, 13),
(1865, '278230', 75, '2024-10-17 15:54:50', 30, 13),
(1866, '278289', 26, '2024-10-17 15:55:17', 22, 13),
(1867, '278198', 25, '2024-10-17 15:56:52', 402, 13),
(1868, '278085', 59, '2024-10-17 15:57:49', 117, 13),
(1869, '278303', 79, '2024-10-17 16:03:39', 103, 13),
(1870, '278240', 79, '2024-10-17 16:04:08', 510, 13),
(1871, '278223', 33, '2024-10-17 16:04:30', 2, 13),
(1872, '278290', 54, '2024-10-17 16:04:52', 68, 13),
(1873, '278280', 79, '2024-10-17 16:05:18', 63, 13),
(1874, '278309', 34, '2024-10-17 16:06:04', 87, 13),
(1875, '278304', 26, '2024-10-17 16:06:35', 91, 13),
(1876, '278295', 63, '2024-10-17 16:07:01', 44, 13),
(1877, '278308', 11, '2024-10-17 16:07:41', 41, 13),
(1878, '278314', 18, '2024-10-17 16:08:43', 63, 13),
(1879, '278298', 11, '2024-10-17 16:09:09', 113, 13),
(1880, '278299', 35, '2024-10-17 16:09:58', 29, 13),
(1881, '278065', 75, '2024-10-17 16:10:32', 50, 13),
(1882, '278312', 22, '2024-10-17 16:11:00', 64, 13),
(1883, '278098', 34, '2024-10-17 16:11:19', 21, 13),
(1884, '278311', 79, '2024-10-17 16:15:47', 10, 13),
(1885, '278202', 79, '2024-10-17 16:16:04', 54, 13),
(1886, '278205', 79, '2024-10-17 16:16:57', 12, 13),
(1887, '278333', 9, '2024-10-17 16:26:11', 12, 13),
(1888, '278331', 18, '2024-10-17 16:26:31', 39, 13),
(1889, '278325', 18, '2024-10-17 16:27:04', 13, 13),
(1890, '278328', 18, '2024-10-17 16:27:32', 25, 13),
(1891, '278321', 63, '2024-10-17 16:27:52', 8, 13),
(1892, '278090', 35, '2024-10-17 16:28:11', 10, 13),
(1893, '277925', 35, '2024-10-17 16:28:28', 28, 13),
(1894, '274809', 35, '2024-10-17 16:28:50', 92, 13),
(1895, '277781', 35, '2024-10-17 16:29:11', 16, 13),
(1896, '277769', 35, '2024-10-17 16:29:35', 33, 13),
(1897, '277755', 35, '2024-10-17 16:30:00', 30, 13),
(1898, '277690', 35, '2024-10-17 16:30:18', 24, 13),
(1899, '277678', 35, '2024-10-17 16:30:40', 7, 13),
(1900, '277685', 35, '2024-10-17 16:31:09', 17, 13),
(1901, '275197', 35, '2024-10-17 16:31:33', 23, 13),
(1902, '275778', 35, '2024-10-17 16:32:01', 44, 13),
(1903, '275122', 35, '2024-10-17 16:32:24', 2, 13),
(1904, '275656', 35, '2024-10-17 16:32:44', 6, 13),
(1905, '275631', 35, '2024-10-17 16:33:04', 32, 13),
(1906, '275593', 35, '2024-10-17 16:33:27', 24, 13),
(1907, '275612', 35, '2024-10-17 16:33:45', 26, 13),
(1908, '278292', 22, '2024-10-17 16:34:10', 41, 13),
(1909, '278263', 62, '2024-10-17 16:34:33', 6, 13),
(1910, '278327', 53, '2024-10-17 16:34:56', 353, 13),
(1911, '278346', 59, '2024-10-17 16:38:11', 100, 16),
(1912, '278334', 59, '2024-10-17 16:38:30', 147, 16),
(1913, '278338', 59, '2024-10-17 16:39:00', 68, 16),
(1914, '278342', 59, '2024-10-17 16:39:31', 95, 16),
(1915, '277693', 59, '2024-10-17 16:39:58', 19, 16),
(1916, '278071', 59, '2024-10-17 16:40:21', 28, 16),
(1917, '278208', 59, '2024-10-17 16:40:48', 50, 16),
(1918, '277786', 59, '2024-10-17 16:41:15', 6, 16),
(1919, '278324', 16, '2024-10-17 16:41:58', 24, 16),
(1920, '278141', 32, '2024-10-17 16:42:15', 41, 16),
(1921, '278144', 32, '2024-10-17 16:42:32', 13, 16),
(1922, '277691', 59, '2024-10-17 16:42:50', 6, 11),
(1923, '278330', 16, '2024-10-17 16:42:59', 29, 16),
(1924, '277687', 59, '2024-10-17 16:43:14', 35, 11),
(1925, '278326', 16, '2024-10-17 16:43:17', 42, 16),
(1926, '277779', 59, '2024-10-17 16:43:37', 15, 11),
(1927, '278332', 16, '2024-10-17 16:43:51', 13, 16),
(1928, '278329', 16, '2024-10-17 16:44:03', 2, 16),
(1929, '278194', 16, '2024-10-17 16:44:20', 61, 16),
(1930, '277689', 59, '2024-10-17 16:44:23', 16, 11),
(1931, '278001', 16, '2024-10-17 16:44:36', 3, 16),
(1932, '277684', 59, '2024-10-17 16:44:44', 18, 11),
(1933, '278265', 16, '2024-10-17 16:44:58', 117, 16),
(1934, '278278', 16, '2024-10-17 16:45:16', 52, 16),
(1935, '276140', 59, '2024-10-17 16:45:23', 15, 11),
(1936, '278279', 16, '2024-10-17 16:45:43', 55, 16),
(1937, '277679', 59, '2024-10-17 16:45:50', 24, 11),
(1939, '277681', 59, '2024-10-17 16:46:26', 12, 11),
(1940, '278339', 82, '2024-10-17 16:46:50', 17, 11),
(1941, '278307', 63, '2024-10-17 16:47:16', 58, 16),
(1942, '278160', 50, '2024-10-17 16:47:32', 25, 11),
(1943, '278283', 16, '2024-10-17 16:47:36', 111, 16),
(1944, '278291', 16, '2024-10-17 16:47:59', 52, 16),
(1945, '278164', 50, '2024-10-17 16:48:05', 25, 11),
(1946, '278168', 50, '2024-10-17 16:48:38', 18, 11),
(1947, '278294', 16, '2024-10-17 16:48:40', 32, 16),
(1948, '278169', 50, '2024-10-17 16:49:12', 27, 11),
(1949, '278282', 48, '2024-10-17 16:49:19', 20, 16),
(1950, '278319', 63, '2024-10-17 16:49:49', 100, 16),
(1951, '278345', 9, '2024-10-17 16:49:50', 83, 11),
(1952, '278300', 16, '2024-10-17 16:50:23', 91, 11),
(1953, '278306', 16, '2024-10-17 16:50:59', 57, 11),
(1954, '278368', 79, '2024-10-17 16:51:19', 6, 16),
(1955, '278302', 16, '2024-10-17 16:51:24', 82, 11),
(1956, '278363', 79, '2024-10-17 16:51:39', 36, 16),
(1957, '278310', 16, '2024-10-17 16:51:49', 159, 11),
(1958, '278358', 79, '2024-10-17 16:51:56', 20, 16),
(1959, '278313', 16, '2024-10-17 16:52:14', 99, 11),
(1960, '278355', 79, '2024-10-17 16:52:33', 6, 16),
(1961, '278297', 16, '2024-10-17 16:52:40', 129, 11),
(1962, '278352', 79, '2024-10-17 16:52:50', 6, 16),
(1963, '278315', 16, '2024-10-17 16:53:07', 91, 11),
(1964, '278262', 48, '2024-10-17 16:53:30', 12, 16),
(1965, '278316', 16, '2024-10-17 16:53:44', 94, 11),
(1966, '278344', 63, '2024-10-17 16:53:52', 39, 16),
(1967, '278318', 16, '2024-10-17 16:54:17', 71, 11),
(1968, '278317', 34, '2024-10-17 16:54:33', 30, 16),
(1969, '278320', 16, '2024-10-17 16:54:41', 23, 11),
(1970, '278323', 34, '2024-10-17 16:55:08', 413, 16),
(1971, '278336', 63, '2024-10-17 16:55:16', 33, 11),
(1972, '278296', 16, '2024-10-17 16:55:32', 30, 16),
(1973, '278351', 79, '2024-10-17 16:55:45', 6, 11),
(1974, '278239', 64, '2024-10-17 16:55:56', 43, 16),
(1975, '278222', 64, '2024-10-17 16:56:12', 9, 11),
(1976, '278227', 68, '2024-10-17 16:56:41', 28, 11),
(1977, '278252', 64, '2024-10-17 16:56:42', 81, 16),
(1978, '278221', 64, '2024-10-17 16:57:03', 52, 16),
(1979, '278229', 64, '2024-10-17 16:57:13', 93, 11),
(1980, '278250', 64, '2024-10-17 16:57:35', 11, 16),
(1981, '278232', 64, '2024-10-17 16:57:46', 11, 11),
(1982, '278274', 64, '2024-10-17 16:57:59', 22, 16),
(1983, '278234', 64, '2024-10-17 16:58:20', 58, 11),
(1984, '278246', 64, '2024-10-17 16:58:22', 61, 16),
(1985, '278171', 68, '2024-10-17 16:58:41', 56, 16),
(1986, '278235', 64, '2024-10-17 16:58:45', 7, 11),
(1987, '278238', 64, '2024-10-17 16:59:15', 63, 11),
(1988, '278215', 64, '2024-10-17 16:59:20', 377, 16),
(1989, '278354', 64, '2024-10-17 16:59:49', 16, 16),
(1990, '277745', 26, '2024-10-17 16:59:55', 178, 11),
(1991, '278360', 9, '2024-10-17 17:00:10', 71, 16),
(1992, '277741', 26, '2024-10-17 17:00:24', 10, 11),
(1993, '278305', 22, '2024-10-17 17:00:32', 18, 16),
(1994, '277739', 26, '2024-10-17 17:00:49', 210, 11),
(1995, '277635', 26, '2024-10-17 17:02:23', 30, 16),
(1996, '278375', 79, '2024-10-17 17:02:50', 59, 16),
(1997, '278369', 79, '2024-10-17 17:03:08', 38, 16),
(1998, '277019', 48, '2024-10-17 17:03:28', 68, 11),
(1999, '278386', 53, '2024-10-17 17:04:04', 34, 11),
(2000, '278384', 26, '2024-10-17 17:04:43', 5, 11),
(2001, '277478', 26, '2024-10-17 17:05:06', 51, 16),
(2002, '277464', 26, '2024-10-17 17:05:30', 100, 16),
(2003, '278382', 26, '2024-10-17 17:05:50', 61, 11),
(2004, '278337', 56, '2024-10-17 17:06:38', 4, 11),
(2005, '277631', 26, '2024-10-17 17:06:52', 60, 16),
(2006, '278257', 56, '2024-10-17 17:07:04', 10, 11),
(2007, '277075', 26, '2024-10-17 17:07:27', 13, 16),
(2008, '277466', 26, '2024-10-17 17:07:46', 95, 16),
(2009, '278395', 26, '2024-10-17 17:09:45', 34, 16),
(2010, '278367', 26, '2024-10-17 17:10:23', 90, 16),
(2011, '278362', 26, '2024-10-17 17:10:48', 110, 16),
(2012, '278357', 26, '2024-10-17 17:11:21', 127, 16),
(2013, '278032', 56, '2024-10-17 17:11:50', 60, 16),
(2014, '278166', 56, '2024-10-17 17:12:10', 18, 16),
(2015, '278340', 26, '2024-10-17 17:12:32', 172, 16),
(2016, '278288', 55, '2024-10-17 17:14:39', 11, 16),
(2017, '278301', 34, '2024-10-17 17:14:58', 3, 16),
(2018, '278379', 26, '2024-10-17 17:15:17', 3, 16),
(2019, '278393', 26, '2024-10-17 17:15:48', 20, 16),
(2020, '278378', 65, '2024-10-17 17:16:19', 72, 16),
(2021, '278210', 25, '2024-10-17 17:16:46', 9, 16),
(2022, '278364', 56, '2024-10-17 17:17:25', 6, 16),
(2023, '278415', 55, '2024-10-17 17:23:50', 131, 16),
(2024, '278353', 59, '2024-10-17 17:24:39', 271, 16),
(2025, '278411', 55, '2024-10-17 17:25:49', 615, 13),
(2026, '278350', 59, '2024-10-17 17:26:10', 72, 16),
(2027, '278417', 34, '2024-10-17 17:27:16', 182, 13),
(2028, '278410', 9, '2024-10-17 17:27:33', 18, 16),
(2029, '278167', 54, '2024-10-17 17:27:54', 14, 13),
(2030, '278406', 9, '2024-10-17 17:27:58', 143, 16),
(2031, '278214', 54, '2024-10-17 17:28:20', 17, 13),
(2032, '278427', 16, '2024-10-17 17:28:36', 42, 16),
(2033, '278405', 18, '2024-10-17 17:29:14', 15, 16),
(2034, '278366', 9, '2024-10-17 17:32:49', 473, 16),
(2035, '278385', 42, '2024-10-17 17:35:15', 301, 16),
(2036, '278407', 26, '2024-10-17 17:42:59', 148, 16),
(2037, '278416', 59, '2024-10-17 17:43:32', 71, 16),
(2038, '278259', 55, '2024-10-17 17:45:01', 33, 16),
(2039, '278433', 54, '2024-10-17 17:45:18', 13, 16),
(2040, '278430', 54, '2024-10-17 17:45:35', 7, 16),
(2041, '278436', 9, '2024-10-17 17:46:06', 50, 16),
(2042, '278444', 9, '2024-10-17 17:46:22', 89, 16),
(2043, '278428', 9, '2024-10-17 17:46:50', 45, 16),
(2044, '278420', 9, '2024-10-17 17:47:11', 134, 16),
(2045, '278442', 64, '2024-10-17 17:48:16', 27, 16),
(2046, '278440', 9, '2024-10-17 17:48:37', 70, 16),
(2047, '278446', 68, '2024-10-17 17:49:27', 19, 16),
(2048, '278457', 35, '2024-10-17 19:02:52', 51, 16),
(2049, '278463', 36, '2024-10-17 19:03:17', 186, 16),
(2050, '278472', 34, '2024-10-17 19:03:45', 6, 16),
(2051, '278203', 25, '2024-10-17 19:04:05', 6, 16),
(2052, '278473', 34, '2024-10-17 19:04:32', 12, 16),
(2053, '278475', 26, '2024-10-17 19:04:54', 21, 16),
(2054, '278285', 79, '2024-10-17 19:05:22', 54, 16),
(2055, '278281', 79, '2024-10-17 19:05:44', 71, 16),
(2056, '274762', 79, '2024-10-17 19:08:10', 774, 16),
(2057, '278284', 79, '2024-10-17 19:08:48', 35, 16),
(2058, '278233', 79, '2024-10-17 19:09:38', 1360, 16),
(2059, '278465', 54, '2024-10-17 19:10:04', 142, 16),
(2060, '278464', 54, '2024-10-17 19:10:21', 75, 16),
(2061, '278394', 48, '2024-10-17 19:10:56', 86, 16),
(2062, '278458', 80, '2024-10-17 19:11:35', 1120, 16),
(2063, '278422', 35, '2024-10-17 19:13:55', 32, 16),
(2064, '278347', 54, '2024-10-17 19:14:13', 75, 16),
(2065, '278432', 22, '2024-10-17 19:14:30', 1, 16),
(2066, '278448', 22, '2024-10-17 19:16:07', 124, 16),
(2067, '278447', 9, '2024-10-17 19:16:46', 74, 16),
(2068, '278461', 20, '2024-10-17 19:17:10', 13, 16),
(2069, '278452', 42, '2024-10-17 19:17:37', 22, 16),
(2070, '278456', 64, '2024-10-17 19:18:20', 25, 16),
(2071, '278462', 26, '2024-10-17 19:18:51', 58, 16),
(2072, '278454', 64, '2024-10-17 19:19:14', 234, 16),
(2073, '278449', 34, '2024-10-17 19:19:55', 330, 16),
(2074, '278470', 34, '2024-10-17 19:20:30', 7, 16),
(2075, '278460', 34, '2024-10-17 19:20:57', 4, 16),
(2076, '278455', 62, '2024-10-17 19:21:15', 74, 16),
(2077, '278397', 34, '2024-10-17 19:21:44', 103, 16),
(2078, '278399', 34, '2024-10-17 19:21:59', 51, 16),
(2079, '278481', 54, '2024-10-17 19:24:54', 717, 16),
(2080, '278391', 34, '2024-10-17 19:25:23', 90, 16),
(2081, '278180', 82, '2024-10-17 19:26:21', 10, 16),
(2082, '278258', 80, '2024-10-17 19:26:43', 17, 16),
(2083, '277664', 80, '2024-10-17 19:27:07', 7, 16),
(2084, '278322', 18, '2024-10-17 19:27:26', 6, 16),
(2085, '278335', 9, '2024-10-17 19:27:46', 3, 16),
(2086, '277669', 9, '2024-10-17 19:28:07', 6, 16),
(2087, '278469', 34, '2024-10-17 19:29:05', 317, 16),
(2088, '278471', 34, '2024-10-17 19:29:50', 36, 16),
(2089, '278485', 34, '2024-10-17 19:30:08', 101, 16),
(2090, '278387', 34, '2024-10-17 19:30:41', 127, 16),
(2091, '278383', 34, '2024-10-17 19:31:19', 214, 16),
(2092, '278390', 34, '2024-10-17 19:31:41', 82, 16),
(2093, '278370', 34, '2024-10-17 19:32:16', 129, 16),
(2094, '278374', 34, '2024-10-17 19:32:37', 145, 16),
(2095, '278376', 34, '2024-10-17 19:33:16', 120, 16),
(2096, '278380', 34, '2024-10-17 19:33:42', 121, 16),
(2097, '278381', 34, '2024-10-17 19:34:14', 95, 16),
(2098, '278396', 26, '2024-10-17 19:36:44', 863, 16),
(2099, '278413', 26, '2024-10-17 19:37:51', 92, 16),
(2100, '278414', 26, '2024-10-17 19:38:13', 106, 16),
(2101, '278419', 26, '2024-10-17 19:39:00', 215, 16),
(2102, '278423', 26, '2024-10-17 19:39:22', 286, 16),
(2103, '278438', 34, '2024-10-17 19:40:44', 443, 16),
(2104, '278437', 64, '2024-10-17 19:41:47', 22, 16),
(2105, '278434', 64, '2024-10-17 19:42:26', 25, 16),
(2106, '278429', 16, '2024-10-17 19:43:01', 24, 16),
(2107, '278361', 16, '2024-10-17 19:43:43', 10, 16),
(2108, '278272', 64, '2024-10-17 19:44:03', 96, 16),
(2109, '277891', 63, '2024-10-17 19:44:28', 70, 16),
(2110, '278365', 16, '2024-10-17 19:44:48', 82, 16),
(2111, '278450', 64, '2024-10-17 19:45:30', 75, 16),
(2112, '278388', 11, '2024-10-17 19:46:16', 70, 16),
(2113, '278478', 16, '2024-10-17 19:46:37', 21, 16),
(2114, '278349', 60, '2024-10-17 19:47:04', 187, 16),
(2115, '278482', 75, '2024-10-17 19:48:14', 10, 16),
(2116, '278476', 75, '2024-10-17 19:48:42', 21, 16),
(2117, '278486', 75, '2024-10-17 19:49:02', 57, 16),
(2118, '278467', 34, '2024-10-17 19:49:46', 224, 16),
(2119, '278445', 68, '2024-10-17 19:50:40', 1000, 16),
(2120, '278488', 34, '2024-10-17 19:51:12', 18, 16),
(2121, '278477', 11, '2024-10-17 19:52:01', 110, 16),
(2122, '278143', 65, '2024-10-17 19:52:59', 462, 16),
(2123, '278480', 66, '2024-10-17 19:53:28', 117, 16),
(2124, '278484', 75, '2024-10-17 19:54:30', 131, 16),
(2125, '278176', 49, '2024-10-17 19:55:12', 5, 16),
(2126, '278359', 64, '2024-10-17 19:56:36', 13, 16),
(2127, '278483', 75, '2024-10-17 19:57:23', 45, 16),
(2128, '278468', 75, '2024-10-17 19:58:00', 95, 16),
(2129, '278175', 49, '2024-10-17 19:59:08', 55, 16),
(2130, '278474', 63, '2024-10-17 19:59:52', 32, 16),
(2131, '278489', 63, '2024-10-17 20:04:43', 29, 16),
(2132, '277714', 28, '2024-10-17 20:05:16', 9, 16),
(2133, '277420', 75, '2024-10-17 20:05:42', 253, 16),
(2134, '274839', 59, '2024-10-17 20:09:44', 383, 16),
(2135, '278466', 59, '2024-10-17 20:32:45', 120, 16),
(2136, '278490', 59, '2024-10-17 20:33:58', 337, 16),
(2137, '278435', 56, '2024-10-17 20:44:31', 831, 16),
(2138, '278479', 56, '2024-10-17 20:45:16', 7, 16),
(2139, '278409', 56, '2024-10-17 20:45:40', 3, 16),
(2140, '278491', 32, '2024-10-17 20:53:42', 84, 16),
(2141, '278493', 59, '2024-10-17 21:15:59', 144, 16),
(2142, '278492', 59, '2024-10-17 21:16:40', 519, 16),
(2143, '278494', 10, '2024-10-17 22:53:24', 107, 16),
(2144, '278372', 79, '2024-10-18 08:10:17', 1360, 69),
(2145, '278538', 56, '2024-10-18 09:46:05', 47, 69),
(2146, '278539', 56, '2024-10-18 09:53:04', 6, 69),
(2147, '278443', 56, '2024-10-18 10:00:22', 84, 69),
(2148, '278181', 60, '2024-10-18 10:05:10', 59, 69),
(2149, '278182', 8, '2024-10-18 10:06:07', 60, 69),
(2150, '278544', 8, '2024-10-18 10:08:16', 15, 69),
(2151, '278558', 56, '2024-10-18 10:53:51', 5, 69),
(2152, '278531', 8, '2024-10-18 10:55:00', 102, 69),
(2153, '278522', 56, '2024-10-18 11:05:11', 1650, 69),
(2154, '278575', 56, '2024-10-18 11:25:20', 38, 69),
(2155, '278534', 18, '2024-10-18 11:25:58', 38, 69),
(2156, '278509', 56, '2024-10-18 11:29:16', 144, 69),
(2157, '278585', 56, '2024-10-18 11:30:55', 31, 69),
(2158, '278599', 56, '2024-10-18 11:52:51', 2, 69),
(2159, '278565', 56, '2024-10-18 11:53:42', 52, 69),
(2160, '278569', 56, '2024-10-18 11:55:38', 2050, 69),
(2161, '278562', 82, '2024-10-18 12:13:53', 117, 69),
(2162, '278552', 79, '2024-10-18 12:14:20', 3, 69),
(2163, '278554', 79, '2024-10-18 12:14:40', 2, 69),
(2164, '278553', 79, '2024-10-18 12:15:02', 4, 69),
(2165, '278549', 79, '2024-10-18 12:15:29', 4, 69),
(2166, '278613', 56, '2024-10-18 12:38:41', 34, 69),
(2167, '278610', 56, '2024-10-18 12:39:33', 33, 69),
(2168, '277897', 56, '2024-10-18 14:12:19', 8, 69),
(2169, '278637', 56, '2024-10-18 14:13:22', 32, 69),
(2170, '278638', 56, '2024-10-18 14:13:56', 53, 69),
(2171, '278625', 56, '2024-10-18 14:30:12', 459, 69),
(2172, '278626', 11, '2024-10-18 14:32:48', 45, 69),
(2173, '278632', 11, '2024-10-18 14:33:14', 70, 69),
(2174, '278619', 63, '2024-10-18 14:33:51', 7, 69),
(2175, '278618', 63, '2024-10-18 14:34:22', 19, 69),
(2176, '278573', 63, '2024-10-18 14:34:54', 38, 69),
(2177, '278572', 63, '2024-10-18 14:35:22', 14, 69),
(2178, '278566', 63, '2024-10-18 14:36:05', 12, 69),
(2179, '278561', 11, '2024-10-18 14:36:33', 52, 69),
(2180, '278559', 11, '2024-10-18 14:36:59', 28, 69),
(2181, '278550', 11, '2024-10-18 14:37:50', 8, 69),
(2182, '278546', 11, '2024-10-18 14:38:19', 34, 69),
(2183, '278517', 65, '2024-10-18 14:38:48', 115, 69),
(2184, '278513', 65, '2024-10-18 14:39:49', 240, 69),
(2185, '277916', 56, '2024-10-18 14:41:18', 15, 69),
(2186, '278620', 56, '2024-10-18 14:41:44', 24, 69),
(2187, '278560', 11, '2024-10-18 14:42:09', 56, 69),
(2188, '278540', 34, '2024-10-18 14:42:34', 12, 69),
(2189, '278634', 63, '2024-10-18 14:43:07', 11, 69),
(2190, '278633', 63, '2024-10-18 14:43:35', 2, 69),
(2191, '278630', 63, '2024-10-18 14:43:57', 9, 69),
(2192, '278665', 11, '2024-10-18 14:44:22', 20, 69),
(2193, '278670', 11, '2024-10-18 14:44:46', 18, 69),
(2194, '278642', 65, '2024-10-18 14:45:09', 48, 69),
(2195, '278651', 65, '2024-10-18 14:45:39', 25, 69),
(2196, '278520', 79, '2024-10-18 14:50:12', 30, 69),
(2197, '278635', 79, '2024-10-18 14:50:39', 108, 69),
(2198, '278616', 26, '2024-10-18 14:57:58', 171, 69),
(2199, '278673', 63, '2024-10-18 14:58:22', 16, 69),
(2200, '278675', 63, '2024-10-18 15:00:55', 48, 69),
(2201, '278694', 44, '2024-10-18 15:16:01', 72, 69),
(2202, '278690', 60, '2024-10-18 15:16:36', 121, 69),
(2203, '278689', 8, '2024-10-18 15:17:39', 93, 69),
(2204, '278671', 65, '2024-10-18 15:18:11', 3, 69),
(2205, '278648', 56, '2024-10-18 15:30:01', 106, 69),
(2206, '278695', 56, '2024-10-18 15:30:25', 2, 69),
(2207, '278700', 56, '2024-10-18 15:30:48', 200, 69),
(2208, '278524', 53, '2024-10-18 15:31:09', 5, 69),
(2209, '278525', 53, '2024-10-18 15:31:33', 2, 69),
(2210, '278526', 53, '2024-10-18 15:31:58', 11, 69),
(2211, '278527', 53, '2024-10-18 15:32:23', 47, 69),
(2212, '278528', 53, '2024-10-18 15:32:51', 3, 69),
(2213, '278529', 53, '2024-10-18 15:33:15', 10, 69),
(2214, '278530', 53, '2024-10-18 15:33:45', 2, 69),
(2215, '278532', 53, '2024-10-18 15:34:11', 30, 69),
(2216, '278533', 11, '2024-10-18 15:34:32', 4, 69),
(2217, '278535', 11, '2024-10-18 15:34:56', 2, 69),
(2218, '278537', 11, '2024-10-18 15:35:19', 14, 69),
(2219, '278660', 56, '2024-10-18 15:37:11', 175, 69),
(2220, '278649', 48, '2024-10-18 15:44:37', 50, 69),
(2221, '278654', 48, '2024-10-18 15:45:00', 56, 69),
(2222, '278547', 35, '2024-10-18 15:45:19', 47, 69),
(2223, '278624', 59, '2024-10-18 15:45:46', 50, 69),
(2224, '278576', 60, '2024-10-18 15:46:40', 133, 69),
(2225, '278705', 44, '2024-10-18 15:47:09', 510, 69),
(2226, '278711', 44, '2024-10-18 15:47:33', 37, 69),
(2227, '278715', 44, '2024-10-18 15:47:53', 26, 69),
(2228, '278682', 44, '2024-10-18 15:48:15', 34, 69),
(2229, '278696', 44, '2024-10-18 15:48:35', 20, 69),
(2230, '278717', 16, '2024-10-18 15:53:49', 43, 69),
(2231, '278707', 27, '2024-10-18 16:00:47', 86, 69),
(2232, '278704', 26, '2024-10-18 16:01:10', 209, 69),
(2233, '278699', 26, '2024-10-18 16:01:32', 139, 69),
(2234, '278736', 56, '2024-10-18 16:09:19', 8, 69),
(2235, '278741', 56, '2024-10-18 16:10:06', 13, 69),
(2236, '278740', 56, '2024-10-18 16:10:52', 12, 69),
(2237, '278743', 56, '2024-10-18 16:11:24', 10, 69),
(2238, '278737', 44, '2024-10-18 16:12:01', 10, 69),
(2239, '278728', 73, '2024-10-18 16:12:51', 10, 69),
(2240, '278722', 44, '2024-10-18 16:13:12', 10, 69),
(2241, '278703', 11, '2024-10-18 16:13:34', 131, 69),
(2242, '278713', 11, '2024-10-18 16:14:27', 78, 69),
(2243, '278681', 56, '2024-10-18 16:15:14', 157, 69),
(2244, '278750', 56, '2024-10-18 16:15:49', 13, 69),
(2245, '278746', 11, '2024-10-18 16:28:35', 26, 69),
(2246, '278744', 11, '2024-10-18 16:28:58', 13, 69),
(2247, '278712', 23, '2024-10-18 16:29:25', 54, 69),
(2248, '278760', 63, '2024-10-18 16:32:32', 120, 69),
(2249, '278783', 44, '2024-10-18 16:51:41', 150, 69),
(2250, '278768', 44, '2024-10-18 16:52:09', 50, 69),
(2251, '278769', 44, '2024-10-18 16:52:31', 1, 69),
(2252, '278780', 73, '2024-10-18 16:52:53', 51, 69),
(2253, '278771', 11, '2024-10-18 16:53:14', 28, 69),
(2254, '278775', 11, '2024-10-18 16:53:35', 31, 69),
(2255, '278702', 54, '2024-10-18 16:54:51', 87, 69),
(2256, '278782', 54, '2024-10-18 16:55:54', 57, 69),
(2257, '278701', 54, '2024-10-18 16:56:29', 10, 69),
(2258, '278604', 54, '2024-10-18 16:56:54', 93, 69),
(2259, '278609', 54, '2024-10-18 16:57:35', 14, 69),
(2260, '278754', 33, '2024-10-18 16:57:57', 36, 69),
(2261, '278541', 22, '2024-10-18 16:58:22', 21, 69),
(2262, '278606', 79, '2024-10-18 16:58:43', 103, 69),
(2263, '278607', 79, '2024-10-18 16:59:07', 54, 69),
(2264, '278608', 22, '2024-10-18 16:59:56', 38, 69),
(2265, '278721', 79, '2024-10-18 17:00:21', 10, 69),
(2266, '278785', 79, '2024-10-18 17:00:47', 84, 69),
(2267, '278589', 79, '2024-10-18 17:01:23', 38, 69),
(2268, '278398', 54, '2024-10-18 17:02:10', 8, 69),
(2269, '278404', 54, '2024-10-18 17:02:42', 7, 69),
(2270, '278659', 54, '2024-10-18 17:03:15', 66, 69),
(2271, '278679', 54, '2024-10-18 17:04:07', 36, 69),
(2272, '278757', 77, '2024-10-18 17:04:36', 50, 69),
(2273, '278652', 79, '2024-10-18 17:04:57', 16, 69),
(2274, '278661', 79, '2024-10-18 17:05:28', 6, 69),
(2275, '278668', 33, '2024-10-18 17:05:51', 20, 69),
(2276, '278795', 8, '2024-10-18 17:06:30', 10, 69),
(2277, '278800', 73, '2024-10-18 17:06:56', 18, 69),
(2278, '278796', 11, '2024-10-18 17:07:25', 50, 69),
(2279, '278808', 11, '2024-10-18 17:07:52', 172, 69),
(2280, '278812', 11, '2024-10-18 17:08:15', 22, 69),
(2281, '278802', 44, '2024-10-18 17:08:54', 113, 69),
(2282, '278571', 54, '2024-10-18 17:09:19', 8, 69),
(2283, '278431', 54, '2024-10-18 17:10:17', 19, 69),
(2284, '278724', 59, '2024-10-18 17:13:52', 417, 69),
(2285, '278829', 63, '2024-10-18 17:18:09', 19, 69),
(2286, '278818', 63, '2024-10-18 17:19:16', 38, 69),
(2287, '278597', 8, '2024-10-18 17:20:00', 83, 69),
(2288, '278825', 63, '2024-10-18 17:20:31', 31, 69),
(2289, '278784', 61, '2024-10-18 17:20:54', 39, 69),
(2290, '278511', 56, '2024-10-18 17:21:34', 52, 69),
(2291, '278676', 56, '2024-10-18 17:22:15', 69, 69),
(2292, '278764', 56, '2024-10-18 17:23:21', 162, 69),
(2293, '278832', 26, '2024-10-18 17:25:35', 94, 69),
(2294, '278716', 26, '2024-10-18 17:26:19', 83, 69),
(2295, '278851', 11, '2024-10-18 17:32:06', 300, 69),
(2296, '278842', 44, '2024-10-18 17:32:47', 338, 69),
(2297, '278838', 44, '2024-10-18 17:33:15', 253, 69),
(2298, '278601', 73, '2024-10-18 17:33:56', 123, 69),
(2299, '278859', 63, '2024-10-18 17:34:55', 39, 69),
(2300, '278840', 63, '2024-10-18 17:35:25', 66, 69),
(2301, '278564', 63, '2024-10-18 17:36:03', 55, 69),
(2302, '278823', 26, '2024-10-18 17:36:47', 30, 69),
(2303, '278835', 26, '2024-10-18 17:37:17', 112, 69),
(2304, '278720', 44, '2024-10-18 17:38:20', 3, 69),
(2305, '278821', 26, '2024-10-18 17:38:42', 22, 69),
(2306, '278833', 26, '2024-10-18 17:39:02', 100, 69),
(2307, '278747', 54, '2024-10-18 17:39:57', 43, 69),
(2308, '278767', 56, '2024-10-18 17:40:21', 188, 69),
(2309, '278106', 54, '2024-10-18 17:41:14', 41, 69),
(2310, '278772', 56, '2024-10-18 17:41:31', 10, 69),
(2311, '278855', 16, '2024-10-18 17:42:07', 161, 69),
(2312, '278849', 16, '2024-10-18 17:42:37', 139, 69),
(2313, '278837', 16, '2024-10-18 17:42:58', 100, 69),
(2314, '278830', 16, '2024-10-18 17:43:54', 193, 69),
(2315, '278803', 44, '2024-10-18 17:51:48', 79, 69),
(2316, '278872', 63, '2024-10-18 19:05:55', 216, 69),
(2317, '278874', 44, '2024-10-18 19:06:32', 252, 69),
(2318, '278879', 21, '2024-10-18 19:07:12', 374, 69),
(2319, '278882', 8, '2024-10-18 19:07:46', 35, 69),
(2320, '278590', 23, '2024-10-18 19:08:25', 77, 69),
(2321, '278884', 8, '2024-10-18 19:09:08', 17, 69),
(2322, '278751', 23, '2024-10-18 19:09:36', 64, 69),
(2323, '278866', 73, '2024-10-18 19:10:02', 89, 69),
(2324, '278864', 73, '2024-10-18 19:10:20', 126, 69),
(2325, '277875', 44, '2024-10-18 19:10:47', 150, 69),
(2326, '278843', 44, '2024-10-18 19:11:19', 137, 69),
(2327, '278850', 44, '2024-10-18 19:11:41', 9, 69),
(2328, '278777', 44, '2024-10-18 19:12:06', 240, 69),
(2329, '278847', 44, '2024-10-18 19:12:34', 84, 69),
(2330, '278770', 59, '2024-10-18 19:14:22', 339, 69),
(2331, '278759', 59, '2024-10-18 19:15:09', 68, 69),
(2332, '278765', 59, '2024-10-18 19:15:48', 94, 69),
(2333, '278794', 48, '2024-10-18 19:16:54', 21, 69),
(2334, '27876', 48, '2024-10-18 19:17:18', 6, 69),
(2335, '278880', 48, '2024-10-18 19:18:38', 298, 69),
(2336, '278602', 54, '2024-10-18 19:19:52', 94, 69),
(2337, '278799', 54, '2024-10-18 19:20:55', 62, 69),
(2338, '278873', 56, '2024-10-18 19:21:35', 24, 69),
(2339, '27869', 56, '2024-10-18 19:22:02', 12, 69),
(2340, '278845', 56, '2024-10-18 19:22:25', 50, 69),
(2341, '278762', 59, '2024-10-18 19:22:52', 37, 69),
(2342, '278881', 48, '2024-10-18 19:23:11', 8, 69),
(2343, '278658', 54, '2024-10-18 19:23:34', 41, 69),
(2344, '278809', 54, '2024-10-18 19:24:02', 52, 69),
(2345, '278595', 54, '2024-10-18 19:24:25', 35, 69),
(2346, '278831', 16, '2024-10-18 19:31:38', 86, 69),
(2347, '278834', 16, '2024-10-18 19:32:39', 122, 69),
(2348, '278848', 16, '2024-10-18 19:34:09', 137, 69),
(2349, '278853', 16, '2024-10-18 19:34:53', 136, 69),
(2350, '278860', 34, '2024-10-18 19:38:23', 197, 69),
(2351, '278854', 16, '2024-10-18 19:40:28', 61, 69),
(2352, '278109', 59, '2024-10-18 19:44:36', 148, 69),
(2353, '278868', 48, '2024-10-18 20:03:53', 211, 69),
(2354, '278111', 54, '2024-10-18 20:05:35', 10, 69),
(2355, '278756', 63, '2024-10-18 20:42:39', 140, 69),
(2356, '278890', 56, '2024-10-19 08:10:54', 40, 69),
(2357, '278892', 56, '2024-10-19 08:11:28', 9, 69),
(2358, '278891', 56, '2024-10-19 08:12:08', 71, 69),
(2359, '278542', 50, '2024-10-19 08:15:21', 47, 13),
(2360, '278865', 12, '2024-10-19 08:36:47', 7, 13),
(2361, '278451', 12, '2024-10-19 08:38:14', 7, 13),
(2362, '276993', 12, '2024-10-19 08:38:36', 9, 13),
(2363, '278734', 55, '2024-10-19 08:39:50', 488, 13),
(2364, '278742', 55, '2024-10-19 08:40:31', 289, 13),
(2365, '278786', 55, '2024-10-19 08:40:55', 256, 13),
(2366, '278875', 55, '2024-10-19 08:41:34', 119, 13),
(2367, '278523', 55, '2024-10-19 08:43:36', 155, 13),
(2368, '278519', 55, '2024-10-19 08:43:53', 132, 13),
(2369, '278793', 55, '2024-10-19 08:46:04', 441, 13),
(2370, '278596', 55, '2024-10-19 08:46:44', 44, 13),
(2371, '278826', 55, '2024-10-19 08:46:59', 101, 13),
(2372, '278878', 55, '2024-10-19 08:47:31', 3, 13),
(2373, '278817', 55, '2024-10-19 08:47:48', 14, 13),
(2374, '278738', 55, '2024-10-19 08:48:11', 20, 13),
(2375, '278688', 55, '2024-10-19 08:48:43', 48, 13),
(2376, '278686', 55, '2024-10-19 08:49:00', 44, 13),
(2377, '278579', 55, '2024-10-19 08:49:15', 63, 13),
(2378, '278692', 55, '2024-10-19 08:50:17', 52, 13),
(2379, '278693', 55, '2024-10-19 08:50:40', 19, 13),
(2380, '278691', 55, '2024-10-19 08:50:59', 22, 13),
(2381, '278605', 55, '2024-10-19 08:51:30', 39, 13),
(2382, '278697', 55, '2024-10-19 08:51:50', 26, 13),
(2383, '278732', 55, '2024-10-19 08:52:12', 24, 13),
(2384, '278594', 55, '2024-10-19 08:53:18', 31, 13),
(2385, '278593', 55, '2024-10-19 08:53:37', 16, 13),
(2386, '278592', 55, '2024-10-19 08:53:56', 36, 13),
(2387, '278586', 55, '2024-10-19 08:55:23', 15, 13),
(2388, '278588', 55, '2024-10-19 08:55:39', 30, 13),
(2389, '278584', 55, '2024-10-19 08:56:06', 20, 13),
(2390, '278587', 55, '2024-10-19 08:56:30', 50, 13),
(2391, '278581', 55, '2024-10-19 08:56:54', 24, 13),
(2392, '278583', 55, '2024-10-19 08:57:10', 44, 13),
(2393, '278580', 55, '2024-10-19 08:57:58', 17, 13),
(2394, '278563', 55, '2024-10-19 08:58:17', 104, 13),
(2395, '278578', 55, '2024-10-19 08:58:38', 25, 13),
(2396, '278876', 48, '2024-10-19 09:00:12', 6, 13),
(2397, '278577', 55, '2024-10-19 09:00:31', 6, 13),
(2398, '278556', 55, '2024-10-19 09:01:29', 12, 13),
(2399, '278555', 55, '2024-10-19 09:01:48', 1, 13),
(2400, '278116', 48, '2024-10-19 09:14:24', 30, 69),
(2401, '278839', 64, '2024-10-19 09:14:49', 95, 69),
(2402, '278926', 59, '2024-10-19 09:15:12', 34, 69),
(2403, '278731', 56, '2024-10-19 09:35:09', 180, 69),
(2404, '278933', 56, '2024-10-19 09:35:30', 13, 69),
(2405, '278908', 56, '2024-10-19 09:37:56', 6, 13),
(2406, '278917', 56, '2024-10-19 09:38:17', 6, 13),
(2407, '278912', 56, '2024-10-19 09:38:35', 36, 13),
(2408, '278903', 54, '2024-10-19 09:59:45', 43, 13),
(2409, '278963', 56, '2024-10-19 10:02:47', 6, 13),
(2410, '278901', 80, '2024-10-19 10:04:41', 123, 13),
(2411, '278639', 45, '2024-10-19 10:07:25', 58, 13),
(2412, '278899', 80, '2024-10-19 10:14:39', 414, 13),
(2413, '278710', 59, '2024-10-19 10:15:03', 109, 13),
(2414, '278930', 54, '2024-10-19 10:15:25', 484, 13),
(2415, '278752', 54, '2024-10-19 10:17:15', 27, 13),
(2416, '278719', 54, '2024-10-19 10:17:35', 19, 13),
(2417, '278678', 54, '2024-10-19 10:17:55', 14, 13),
(2418, '278286', 54, '2024-10-19 10:18:33', 8, 13),
(2419, '278621', 54, '2024-10-19 10:18:50', 12, 13),
(2420, '278905', 54, '2024-10-19 10:19:11', 19, 13),
(2421, '278902', 79, '2024-10-19 10:19:34', 262, 13),
(2422, '278910', 79, '2024-10-19 10:19:56', 134, 13),
(2423, '278907', 79, '2024-10-19 10:20:19', 108, 13),
(2424, '278940', 62, '2024-10-19 10:20:51', 31, 13),
(2425, '278797', 75, '2024-10-19 10:21:20', 50, 13),
(2426, '278655', 80, '2024-10-19 10:22:14', 12, 13),
(2427, '278662', 80, '2024-10-19 10:22:41', 12, 13),
(2428, '278677', 80, '2024-10-19 10:23:00', 12, 13),
(2429, '278680', 80, '2024-10-19 10:23:29', 6, 13),
(2430, '278644', 80, '2024-10-19 10:23:45', 34, 13),
(2431, '278647', 80, '2024-10-19 10:24:01', 6, 13),
(2432, '278952', 56, '2024-10-19 10:25:57', 38, 13),
(2433, '278954', 56, '2024-10-19 10:26:25', 12, 13),
(2434, '278950', 54, '2024-10-19 10:54:28', 38, 13),
(2435, '278936', 24, '2024-10-19 10:55:08', 278, 13),
(2436, '278510', 79, '2024-10-19 11:20:12', 23, 13),
(2437, '278986', 54, '2024-10-19 11:33:26', 32, 11),
(2438, '278981', 54, '2024-10-19 11:33:59', 52, 11),
(2439, '278968', 54, '2024-10-19 11:34:32', 96, 11),
(2440, '279033', 73, '2024-10-19 11:37:07', 7, 13),
(2441, '278706', 56, '2024-10-19 12:04:54', 18, 11),
(2442, '278518', 18, '2024-10-19 12:18:34', 66, 11),
(2443, '278614', 18, '2024-10-19 12:19:13', 108, 11),
(2444, '278672', 10, '2024-10-19 12:21:46', 63, 11),
(2445, '278761', 9, '2024-10-19 12:23:45', 15, 11),
(2446, '278763', 80, '2024-10-19 12:24:28', 8, 11),
(2447, '278643', 80, '2024-10-19 12:25:03', 4, 11),
(2448, '278766', 74, '2024-10-19 12:25:44', 40, 11),
(2449, '278773', 18, '2024-10-19 12:26:13', 73, 11),
(2450, '279058', 55, '2024-10-19 12:30:46', 518, 11),
(2452, '278939', 55, '2024-10-19 12:34:51', 30, 11),
(2453, '279005', 56, '2024-10-19 12:47:35', 35, 11),
(2454, '279062', 56, '2024-10-19 13:00:10', 26, 13),
(2455, '279061', 56, '2024-10-19 13:00:33', 6, 13),
(2456, '278983', 56, '2024-10-19 13:01:02', 161, 13),
(2457, '279057', 55, '2024-10-19 13:01:31', 364, 13),
(2458, '279056', 55, '2024-10-19 13:02:04', 66, 13),
(2459, '278946', 55, '2024-10-19 13:02:54', 26, 13),
(2460, '278942', 55, '2024-10-19 13:03:17', 36, 13),
(2461, '278931', 55, '2024-10-19 13:04:03', 3, 13),
(2462, '278935', 55, '2024-10-19 13:04:32', 33, 13),
(2463, '278937', 55, '2024-10-19 13:04:53', 20, 13),
(2464, '278948', 55, '2024-10-19 13:05:10', 7, 13),
(2465, '279050', 55, '2024-10-19 13:05:32', 70, 13),
(2466, '278944', 55, '2024-10-19 13:05:59', 24, 13),
(2467, '278959', 55, '2024-10-19 13:06:14', 17, 13),
(2468, '279014', 79, '2024-10-19 13:06:44', 438, 13),
(2469, '279044', 54, '2024-10-19 13:07:13', 6, 13),
(2470, '279053', 22, '2024-10-19 13:07:36', 31, 13),
(2471, '279019', 54, '2024-10-19 13:07:55', 16, 13),
(2472, '278774', 18, '2024-10-19 13:13:18', 225, 13),
(2473, '278791', 18, '2024-10-19 13:19:36', 18, 13),
(2474, '278805', 9, '2024-10-19 13:20:01', 41, 13),
(2475, '278779', 18, '2024-10-19 13:29:00', 65, 13),
(2476, '278781', 18, '2024-10-19 13:29:32', 127, 13),
(2477, '278807', 9, '2024-10-19 13:31:20', 110, 13),
(2478, '278810', 9, '2024-10-19 13:32:15', 46, 13),
(2479, '278813', 9, '2024-10-19 13:32:48', 39, 13),
(2480, '278657', 80, '2024-10-19 13:33:04', 6, 13),
(2481, '279065', 35, '2024-10-19 13:52:49', 19, 13),
(2482, '279035', 13, '2024-10-19 13:53:09', 34, 13),
(2483, '278600', 13, '2024-10-19 13:54:36', 134, 13),
(2484, '278627', 79, '2024-10-19 13:54:57', 3, 13),
(2485, '278591', 13, '2024-10-19 13:55:34', 82, 13),
(2487, '278622', 13, '2024-10-19 13:57:09', 64, 13),
(2488, '278718', 13, '2024-10-19 13:58:00', 81, 13),
(2489, '278956', 13, '2024-10-19 14:00:37', 132, 13),
(2490, '278916', 13, '2024-10-19 14:01:41', 70, 13),
(2491, '278927', 13, '2024-10-19 14:04:19', 61, 13),
(2492, '278928', 13, '2024-10-19 14:04:56', 200, 13),
(2493, '278945', 13, '2024-10-19 14:05:38', 70, 13),
(2494, '278988', 13, '2024-10-19 14:05:58', 66, 13),
(2495, '279020', 13, '2024-10-19 14:06:24', 119, 13),
(2496, '279016', 13, '2024-10-19 14:06:54', 76, 13),
(2497, '279008', 13, '2024-10-19 14:07:58', 81, 13),
(2498, '279002', 13, '2024-10-19 14:10:17', 74, 13),
(2499, '279029', 13, '2024-10-19 14:10:47', 84, 13),
(2500, '279026', 13, '2024-10-19 14:11:27', 64, 13),
(2501, '279028', 13, '2024-10-19 14:11:50', 41, 13),
(2502, '279039', 13, '2024-10-19 14:12:09', 46, 13),
(2503, '278974', 61, '2024-10-19 14:12:29', 67, 13),
(2504, '278979', 61, '2024-10-19 14:13:08', 48, 13),
(2505, '278966', 61, '2024-10-19 14:13:28', 37, 13),
(2506, '278996', 61, '2024-10-19 14:14:02', 104, 13),
(2507, '279054', 56, '2024-10-19 14:14:22', 43, 13),
(2508, '279000', 61, '2024-10-19 14:14:54', 48, 13),
(2509, '279086', 56, '2024-10-19 14:19:47', 15, 13);
INSERT INTO `pedidos` (`id_pedido`, `numero_pedido`, `id_ruta`, `fecha`, `cantidad_unidades`, `distribuidor_pedidos`) VALUES
(2510, '279073', 12, '2024-10-19 14:25:01', 101, 13),
(2511, '279075', 12, '2024-10-19 14:25:36', 56, 13),
(2512, '279076', 12, '2024-10-19 14:26:13', 75, 13),
(2513, '278094', 55, '2024-10-19 14:26:40', 374, 13),
(2514, '278898', 59, '2024-10-19 14:41:09', 136, 13),
(2515, '279102', 26, '2024-10-19 14:44:29', 5, 13),
(2516, '279092', 35, '2024-10-19 14:47:26', 60, 13),
(2517, '279064', 59, '2024-10-19 14:47:54', 47, 13),
(2518, '278811', 13, '2024-10-19 14:48:53', 177, 13),
(2519, '278995', 18, '2024-10-19 14:53:46', 77, 13),
(2520, '277770', 61, '2024-10-19 14:54:07', 17, 13),
(2521, '277763', 61, '2024-10-19 14:54:29', 12, 13),
(2522, '278976', 61, '2024-10-19 14:55:00', 7, 13),
(2523, '279095', 35, '2024-10-19 15:01:22', 250, 13),
(2524, '279114', 48, '2024-10-19 15:01:56', 72, 13),
(2525, '279067', 48, '2024-10-19 15:02:27', 46, 13),
(2526, '278909', 46, '2024-10-19 15:02:47', 47, 13),
(2527, '278918', 48, '2024-10-19 15:03:13', 76, 13),
(2528, '278911', 48, '2024-10-19 15:03:34', 59, 13),
(2529, '278914', 48, '2024-10-19 15:05:11', 50, 13),
(2530, '278790', 61, '2024-10-19 15:05:55', 24, 13),
(2531, '277953', 61, '2024-10-19 15:06:13', 12, 13),
(2532, '278408', 61, '2024-10-19 15:06:33', 15, 13),
(2533, '278514', 61, '2024-10-19 15:07:00', 3, 13),
(2534, '278516', 61, '2024-10-19 15:07:20', 12, 13),
(2535, '278733', 61, '2024-10-19 15:07:39', 5, 13),
(2536, '279083', 79, '2024-10-19 15:08:05', 58, 13),
(2537, '279084', 79, '2024-10-19 15:08:25', 3, 13),
(2538, '279087', 13, '2024-10-19 15:08:44', 84, 13),
(2539, '279051', 13, '2024-10-19 15:09:27', 57, 13),
(2540, '278920', 61, '2024-10-19 15:09:48', 15, 13),
(2541, '278656', 61, '2024-10-19 15:11:20', 2, 13),
(2542, '278664', 61, '2024-10-19 15:11:37', 17, 13),
(2543, '279119', 55, '2024-10-19 15:12:14', 153, 13),
(2544, '278598', 13, '2024-10-19 15:12:42', 37, 13),
(2545, '278512', 61, '2024-10-19 15:13:06', 13, 13),
(2546, '278054', 61, '2024-10-19 15:13:31', 6, 13),
(2547, '278066', 61, '2024-10-19 15:13:53', 14, 13),
(2548, '278070', 61, '2024-10-19 15:14:09', 11, 13),
(2549, '279091', 55, '2024-10-19 15:14:35', 79, 13),
(2550, '279096', 55, '2024-10-19 15:15:07', 18, 13),
(2551, '279093', 55, '2024-10-19 15:15:39', 62, 13),
(2552, '279098', 55, '2024-10-19 15:16:01', 35, 13),
(2553, '279106', 55, '2024-10-19 15:16:29', 6, 13),
(2554, '278062', 61, '2024-10-19 15:17:27', 18, 13),
(2555, '278052', 61, '2024-10-19 15:17:42', 20, 13),
(2556, '278024', 61, '2024-10-19 15:18:33', 14, 13),
(2557, '278053', 61, '2024-10-19 15:18:52', 9, 13),
(2558, '277940', 61, '2024-10-19 15:19:27', 8, 13),
(2559, '277944', 61, '2024-10-19 15:19:46', 22, 13),
(2560, '277901', 61, '2024-10-19 15:20:40', 11, 13),
(2561, '277939', 61, '2024-10-19 15:20:56', 5, 13),
(2562, '277735', 61, '2024-10-19 15:21:17', 8, 13),
(2563, '277859', 61, '2024-10-19 15:21:33', 5, 13),
(2564, '277733', 13, '2024-10-19 15:21:59', 132, 13),
(2565, '277723', 61, '2024-10-19 15:22:28', 24, 13),
(2566, '279066', 61, '2024-10-19 15:22:49', 13, 13),
(2567, '277743', 61, '2024-10-19 15:23:11', 7, 13),
(2568, '278708', 61, '2024-10-19 15:23:28', 23, 13),
(2569, '279059', 25, '2024-10-19 15:26:33', 883, 13),
(2570, '279133', 56, '2024-10-19 15:28:07', 150, 13),
(2571, '279109', 54, '2024-10-19 15:48:12', 121, 13),
(2572, '278977', 79, '2024-10-19 15:48:40', 59, 13),
(2573, '279145', 54, '2024-10-19 15:49:07', 40, 13),
(2574, '279131', 54, '2024-10-19 15:49:32', 18, 13),
(2575, '279085', 79, '2024-10-19 15:49:52', 316, 13),
(2576, '279116', 79, '2024-10-19 15:50:17', 34, 13),
(2577, '279049', 81, '2024-10-19 15:50:44', 55, 13),
(2578, '279043', 13, '2024-10-19 15:51:12', 65, 13),
(2579, '279130', 55, '2024-10-19 15:51:35', 60, 13),
(2580, '279112', 55, '2024-10-19 15:58:57', 145, 13),
(2581, '278674', 33, '2024-10-19 15:59:42', 212, 13),
(2582, '279031', 33, '2024-10-19 16:01:11', 45, 13),
(2583, '277946', 54, '2024-10-19 16:01:44', 36, 13),
(2584, '278275', 54, '2024-10-19 16:02:08', 4, 13),
(2585, '279126', 12, '2024-10-19 16:02:31', 6, 13),
(2586, '278955', 35, '2024-10-19 16:03:08', 295, 13),
(2587, '278961', 35, '2024-10-19 16:03:37', 22, 13),
(2588, '278962', 35, '2024-10-19 16:04:16', 27, 13),
(2589, '278965', 35, '2024-10-19 16:04:59', 105, 13),
(2590, '279127', 61, '2024-10-19 16:05:26', 24, 13),
(2591, '278949', 35, '2024-10-19 16:05:49', 130, 13),
(2592, '278991', 35, '2024-10-19 16:06:15', 17, 13),
(2593, '278819', 35, '2024-10-19 16:06:33', 38, 13),
(2594, '278994', 35, '2024-10-19 16:07:01', 31, 13),
(2595, '278997', 35, '2024-10-19 16:07:23', 35, 13),
(2596, '279011', 35, '2024-10-19 16:08:23', 19, 13),
(2597, '279006', 35, '2024-10-19 16:08:52', 7, 13),
(2598, '279017', 35, '2024-10-19 16:09:24', 35, 13),
(2599, '279111', 59, '2024-10-19 16:10:02', 92, 13),
(2600, '279018', 35, '2024-10-19 16:10:28', 54, 13),
(2601, '278906', 79, '2024-10-19 16:10:50', 1, 13),
(2602, '277885', 33, '2024-10-19 16:11:08', 36, 13),
(2603, '278725', 33, '2024-10-19 16:12:07', 104, 13),
(2604, '277889', 13, '2024-10-19 16:12:29', 204, 13),
(2605, '279030', 59, '2024-10-19 16:12:53', 7, 13),
(2606, '279032', 59, '2024-10-19 16:13:13', 8, 13),
(2607, '279165', 63, '2024-10-19 16:19:12', 25, 13),
(2608, '279154', 63, '2024-10-19 16:19:37', 55, 13),
(2609, '279099', 11, '2024-10-19 16:24:32', 4, 13),
(2610, '279108', 11, '2024-10-19 16:24:57', 2, 13),
(2611, '279121', 11, '2024-10-19 16:25:27', 30, 13),
(2612, '279123', 11, '2024-10-19 16:25:53', 9, 13),
(2613, '279149', 11, '2024-10-19 16:26:23', 110, 13),
(2614, '279156', 11, '2024-10-19 16:26:49', 169, 13),
(2615, '279199', 56, '2024-10-19 16:33:12', 109, 13),
(2616, '278789', 59, '2024-10-19 16:33:32', 35, 13),
(2617, '279190', 35, '2024-10-19 16:33:54', 79, 13),
(2618, '278666', 32, '2024-10-19 16:37:50', 7, 13),
(2619, '279069', 32, '2024-10-19 16:38:11', 71, 13),
(2620, '279070', 32, '2024-10-19 16:38:31', 50, 13),
(2621, '279071', 32, '2024-10-19 16:38:54', 70, 13),
(2622, '279129', 63, '2024-10-19 16:39:40', 14, 13),
(2623, '279135', 63, '2024-10-19 16:40:04', 14, 13),
(2624, '279120', 32, '2024-10-19 16:40:23', 60, 13),
(2625, '279128', 32, '2024-10-19 16:40:42', 51, 13),
(2626, '279143', 32, '2024-10-19 16:41:05', 100, 13),
(2627, '279139', 32, '2024-10-19 16:41:34', 215, 13),
(2628, '279204', 55, '2024-10-19 16:41:53', 26, 13),
(2629, '279207', 55, '2024-10-19 16:42:12', 3, 13),
(2630, '279202', 55, '2024-10-19 16:42:29', 136, 13),
(2631, '279197', 55, '2024-10-19 16:42:56', 155, 13),
(2632, '279194', 55, '2024-10-19 16:43:20', 129, 13),
(2633, '279191', 55, '2024-10-19 16:43:39', 188, 13),
(2634, '279189', 55, '2024-10-19 16:44:01', 39, 13),
(2635, '279187', 55, '2024-10-19 16:44:20', 105, 13),
(2636, '279182', 55, '2024-10-19 16:44:44', 33, 13),
(2637, '279184', 55, '2024-10-19 16:44:57', 24, 13),
(2638, '279180', 55, '2024-10-19 16:45:30', 168, 13),
(2639, '279177', 55, '2024-10-19 16:45:50', 88, 13),
(2640, '279214', 79, '2024-10-19 16:46:10', 12, 13),
(2641, '279212', 79, '2024-10-19 16:46:28', 2, 13),
(2642, '279174', 55, '2024-10-19 16:46:58', 600, 13),
(2643, '279175', 55, '2024-10-19 16:47:18', 68, 13),
(2644, '279173', 55, '2024-10-19 16:47:36', 212, 13),
(2645, '279138', 55, '2024-10-19 16:47:58', 66, 13),
(2646, '279147', 55, '2024-10-19 16:48:18', 156, 13),
(2647, '279144', 55, '2024-10-19 16:48:37', 36, 13),
(2648, '279124', 55, '2024-10-19 16:48:54', 172, 13),
(2649, '279117', 55, '2024-10-19 16:49:18', 233, 13),
(2650, '278947', 55, '2024-10-19 16:49:50', 136, 13),
(2651, '279198', 35, '2024-10-19 16:50:20', 72, 13),
(2652, '277803', 55, '2024-10-19 16:50:55', 211, 13),
(2653, '279063', 59, '2024-10-19 16:51:16', 12, 13),
(2654, '277856', 55, '2024-10-19 16:51:31', 6, 13),
(2655, '278971', 75, '2024-10-19 16:51:54', 2, 13),
(2656, '279213', 79, '2024-10-19 16:52:26', 1, 13),
(2657, '279152', 79, '2024-10-19 16:52:58', 162, 13),
(2658, '279157', 22, '2024-10-19 16:53:33', 53, 13),
(2659, '279161', 22, '2024-10-19 16:53:55', 20, 13),
(2660, '279221', 54, '2024-10-19 16:54:13', 2, 13),
(2661, '279183', 79, '2024-10-19 16:54:33', 14, 13),
(2662, '279206', 79, '2024-10-19 16:55:00', 57, 13),
(2663, '279094', 79, '2024-10-19 16:56:41', 6, 16),
(2664, '279103', 79, '2024-10-19 16:57:06', 46, 16),
(2665, '279101', 59, '2024-10-19 16:57:31', 157, 16),
(2666, '279155', 11, '2024-10-19 17:20:53', 317, 16),
(2667, '278545', 53, '2024-10-19 17:21:29', 143, 16),
(2668, '279245', 63, '2024-10-19 17:21:54', 25, 16),
(2669, '279078', 53, '2024-10-19 17:22:22', 6, 16),
(2670, '279079', 63, '2024-10-19 17:22:45', 14, 16),
(2671, '279228', 58, '2024-10-19 17:23:04', 28, 16),
(2672, '279218', 58, '2024-10-19 17:23:36', 31, 16),
(2673, '279201', 58, '2024-10-19 17:23:54', 48, 11),
(2674, '279216', 58, '2024-10-19 17:24:02', 41, 16),
(2675, '279208', 58, '2024-10-19 17:24:25', 48, 16),
(2676, '279185', 58, '2024-10-19 17:24:35', 29, 11),
(2677, '279172', 58, '2024-10-19 17:25:12', 38, 13),
(2678, '279233', 16, '2024-10-19 17:25:14', 92, 11),
(2679, '279178', 58, '2024-10-19 17:25:36', 6, 13),
(2680, '279235', 16, '2024-10-19 17:26:53', 88, 13),
(2681, '279237', 16, '2024-10-19 17:27:10', 149, 13),
(2682, '279230', 16, '2024-10-19 17:27:29', 81, 13),
(2683, '279231', 16, '2024-10-19 17:28:03', 59, 13),
(2684, '279225', 16, '2024-10-19 17:28:25', 53, 13),
(2685, '279222', 16, '2024-10-19 17:33:36', 145, 11),
(2687, '278698', 16, '2024-10-19 17:34:54', 20, 11),
(2688, '279260', 59, '2024-10-19 17:37:26', 177, 11),
(2689, '279104', 54, '2024-10-19 17:38:15', 76, 11),
(2690, '279167', 16, '2024-10-19 17:39:18', 138, 11),
(2691, '279153', 16, '2024-10-19 17:39:54', 236, 11),
(2692, '278806', 33, '2024-10-19 17:40:26', 8, 16),
(2693, '278567', 16, '2024-10-19 17:40:46', 4, 11),
(2694, '279246', 35, '2024-10-19 17:41:01', 42, 16),
(2695, '279170', 16, '2024-10-19 17:43:05', 611, 16),
(2696, '279215', 36, '2024-10-19 17:48:40', 140, 16),
(2697, '279249', 58, '2024-10-19 19:00:42', 2, 16),
(2698, '279252', 58, '2024-10-19 19:01:03', 2, 16),
(2699, '279273', 55, '2024-10-19 19:01:35', 38, 16),
(2700, '279179', 58, '2024-10-19 19:02:10', 43, 16),
(2701, '279195', 58, '2024-10-19 19:02:33', 43, 16),
(2702, '279278', 58, '2024-10-19 19:03:03', 195, 16),
(2703, '279281', 58, '2024-10-19 19:03:25', 54, 16),
(2704, '279258', 55, '2024-10-19 19:03:45', 63, 16),
(2705, '279250', 55, '2024-10-19 19:04:13', 309, 16),
(2706, '279242', 55, '2024-10-19 19:04:36', 128, 16),
(2707, '279232', 55, '2024-10-19 19:04:59', 137, 16),
(2708, '279224', 55, '2024-10-19 19:05:29', 187, 16),
(2709, '279205', 61, '2024-10-19 19:05:51', 122, 16),
(2710, '279269', 79, '2024-10-19 19:06:25', 166, 16),
(2711, '279241', 55, '2024-10-19 19:06:52', 3, 16),
(2712, '279276', 35, '2024-10-19 19:07:18', 3, 16),
(2713, '279254', 54, '2024-10-19 19:07:42', 29, 16),
(2714, '279256', 54, '2024-10-19 19:08:07', 58, 16),
(2715, '279264', 59, '2024-10-19 19:08:34', 62, 16),
(2716, '279247', 54, '2024-10-19 19:08:52', 39, 16),
(2717, '279160', 35, '2024-10-19 19:09:24', 65, 16),
(2718, '279283', 59, '2024-10-19 19:34:39', 276, 16),
(2719, '279275', 56, '2024-10-19 20:59:56', 148, 16),
(2720, '279279', 56, '2024-10-19 21:00:31', 60, 16),
(2721, '279244', 56, '2024-10-19 21:00:56', 60, 16),
(2722, '279271', 56, '2024-10-19 21:01:46', 100, 16),
(2723, '279274', 56, '2024-10-19 21:02:16', 126, 16),
(2724, '279284', 56, '2024-10-19 21:02:49', 3, 16),
(2725, '279272', 56, '2024-10-19 21:03:16', 48, 16),
(2726, '278557', 12, '2024-10-20 08:23:33', 373, 13),
(2727, '279151', 74, '2024-10-20 08:37:23', 55, 13),
(2728, '279220', 74, '2024-10-20 08:37:47', 18, 13),
(2729, '279148', 9, '2024-10-20 08:41:22', 472, 13),
(2730, '279141', 9, '2024-10-20 08:47:25', 51, 13),
(2731, '279100', 80, '2024-10-20 09:02:50', 4, 13),
(2732, '279134', 9, '2024-10-20 09:03:24', 59, 13),
(2733, '279010', 9, '2024-10-20 09:07:11', 356, 13),
(2734, '279219', 16, '2024-10-20 09:09:11', 117, 13),
(2735, '279001', 9, '2024-10-20 09:11:33', 631, 13),
(2736, '278989', 9, '2024-10-20 09:23:53', 178, 13),
(2737, '278953', 20, '2024-10-20 09:45:21', 288, 13),
(2738, '278822', 9, '2024-10-20 09:48:22', 28, 13),
(2739, '278828', 9, '2024-10-20 09:48:44', 140, 13),
(2740, '278992', 9, '2024-10-20 09:50:42', 184, 13),
(2741, '278929', 9, '2024-10-20 09:51:43', 761, 13),
(2742, '278820', 9, '2024-10-20 09:55:47', 25, 13),
(2743, '278815', 9, '2024-10-20 09:56:10', 14, 13),
(2744, '279022', 82, '2024-10-20 09:57:12', 120, 13),
(2745, '278814', 9, '2024-10-20 09:57:38', 50, 13),
(2746, '279015', 20, '2024-10-20 09:59:40', 158, 13),
(2747, '279003', 9, '2024-10-20 10:01:24', 85, 13),
(2748, '278792', 64, '2024-10-20 10:10:18', 212, 13),
(2749, '279302', 64, '2024-10-20 10:11:52', 212, 13),
(2750, '278990', 9, '2024-10-20 10:14:09', 78, 13),
(2751, '279025', 64, '2024-10-20 10:32:02', 250, 13),
(2752, '278798', 64, '2024-10-20 10:35:11', 60, 13),
(2753, '278852', 64, '2024-10-20 10:35:30', 63, 13),
(2754, '279200', 64, '2024-10-20 10:35:58', 56, 13),
(2755, '279193', 64, '2024-10-20 10:36:23', 74, 13),
(2756, '278646', 64, '2024-10-20 10:37:12', 64, 13),
(2757, '279188', 64, '2024-10-20 10:37:32', 43, 13),
(2758, '279313', 16, '2024-10-20 10:39:55', 69, 13),
(2759, '279113', 64, '2024-10-20 10:40:16', 75, 13),
(2760, '279312', 16, '2024-10-20 10:44:18', 111, 13),
(2761, '279319', 16, '2024-10-20 10:46:59', 133, 13),
(2762, '279210', 64, '2024-10-20 10:47:43', 46, 13),
(2763, '279186', 64, '2024-10-20 10:48:10', 40, 13),
(2764, '279318', 16, '2024-10-20 10:57:05', 185, 13),
(2765, '279317', 16, '2024-10-20 11:03:57', 216, 13),
(2766, '279316', 16, '2024-10-20 11:05:51', 36, 13),
(2767, '279315', 16, '2024-10-20 11:08:52', 63, 13),
(2768, '279321', 64, '2024-10-20 11:13:15', 42, 13),
(2769, '279023', 64, '2024-10-20 11:13:33', 16, 13),
(2770, '279301', 64, '2024-10-20 11:13:51', 14, 13),
(2771, '279209', 64, '2024-10-20 11:29:31', 4, 13),
(2772, '279181', 68, '2024-10-20 11:29:54', 13, 13),
(2773, '279314', 16, '2024-10-20 11:30:17', 22, 13),
(2774, '278650', 64, '2024-10-20 11:30:54', 16, 13),
(2775, '278727', 64, '2024-10-20 11:31:24', 24, 13),
(2776, '279255', 64, '2024-10-20 11:31:54', 14, 13),
(2777, '278653', 68, '2024-10-20 11:32:47', 8, 13),
(2778, '279034', 9, '2024-10-20 11:35:48', 100, 13),
(2779, '279027', 80, '2024-10-20 11:43:11', 6, 13),
(2780, '278941', 80, '2024-10-20 11:43:27', 10, 13),
(2781, '279311', 9, '2024-10-20 13:24:39', 142, 13),
(2782, '279327', 82, '2024-10-20 13:25:05', 572, 13),
(2783, '279329', 10, '2024-10-20 13:25:46', 119, 13),
(2784, '279303', 20, '2024-10-20 13:46:28', 134, 13),
(2785, '279332', 16, '2024-10-20 13:54:03', 97, 11),
(2786, '279300', 82, '2024-10-20 13:55:29', 48, 13),
(2787, '279308', 9, '2024-10-20 13:59:52', 78, 13),
(2788, '279331', 16, '2024-10-20 14:14:47', 203, 13),
(2789, '279333', 64, '2024-10-20 14:15:30', 157, 13),
(2790, '279304', 20, '2024-10-20 14:16:02', 472, 13),
(2791, '279328', 80, '2024-10-20 14:16:40', 218, 13),
(2792, '279306', 20, '2024-10-20 14:17:17', 44, 13),
(2793, '279330', 80, '2024-10-20 14:17:58', 27, 13),
(2794, '279136', 9, '2024-10-20 14:18:27', 6, 13),
(2795, '279132', 9, '2024-10-20 14:19:09', 20, 13),
(2796, '279012', 9, '2024-10-20 14:19:33', 12, 13),
(2797, '279339', 16, '2024-10-20 14:22:45', 238, 13),
(2798, '279336', 16, '2024-10-20 14:23:18', 16, 13),
(2799, '279338', 16, '2024-10-20 14:23:41', 96, 13),
(2800, '279340', 16, '2024-10-20 14:24:35', 102, 13),
(2801, '279277', 16, '2024-10-20 14:44:26', 123, 13),
(2802, '279196', 63, '2024-10-20 14:44:46', 12, 13),
(2803, '279344', 63, '2024-10-20 14:45:10', 10, 13),
(2804, '279345', 9, '2024-10-20 14:45:40', 266, 13),
(2805, '279342', 63, '2024-10-20 14:46:05', 43, 13),
(2806, '279337', 9, '2024-10-20 14:46:39', 624, 13),
(2807, '279348', 74, '2024-10-20 14:55:09', 14, 16),
(2808, '279347', 80, '2024-10-20 14:55:41', 491, 16),
(2809, '279355', 16, '2024-10-20 15:33:08', 64, 13),
(2810, '279320', 82, '2024-10-20 15:33:25', 12, 13),
(2811, '279353', 57, '2024-10-20 15:33:49', 130, 13),
(2812, '278925', 82, '2024-10-20 15:34:06', 3, 13),
(2813, '278943', 80, '2024-10-20 15:34:34', 4, 13),
(2814, '279352', 57, '2024-10-20 15:34:56', 316, 13),
(2815, '279351', 57, '2024-10-20 15:35:22', 102, 13),
(2816, '279349', 57, '2024-10-20 15:35:42', 78, 13),
(2817, '279346', 80, '2024-10-20 15:36:09', 70, 13),
(2818, '279341', 9, '2024-10-20 15:37:31', 114, 13),
(2819, '279343', 10, '2024-10-20 15:39:18', 44, 13),
(2820, '279335', 82, '2024-10-20 15:39:44', 23, 13),
(2821, '279334', 10, '2024-10-20 15:40:23', 106, 13),
(2822, '279004', 9, '2024-10-20 15:40:45', 5, 13),
(2823, '279354', 57, '2024-10-20 15:43:44', 933, 13),
(2824, '278922', 9, '2024-10-20 16:04:26', 12, 13),
(2825, '278640', 80, '2024-10-20 16:04:58', 48, 13),
(2826, '279358', 11, '2024-10-20 16:20:31', 1, 16),
(2827, '279359', 73, '2024-10-20 16:20:52', 88, 16),
(2828, '279361', 64, '2024-10-20 16:50:49', 185, 16),
(2829, '279367', 56, '2024-10-20 21:37:28', 80, 16),
(2830, '279368', 56, '2024-10-20 21:37:51', 59, 16),
(2831, '279365', 75, '2024-10-20 21:38:23', 57, 16),
(2832, '279366', 75, '2024-10-20 21:38:45', 30, 16),
(2833, '279374', 56, '2024-10-21 08:37:23', 49, 13),
(2834, '279372', 56, '2024-10-21 08:37:51', 7, 13),
(2835, '279226', 39, '2024-10-21 08:52:20', 187, 13),
(2836, '456123', 6, '2024-10-24 09:01:18', 1147, 5),
(2837, '123546', 10, '2024-10-24 09:11:10', 159, 5),
(2838, '987654', 18, '2024-10-24 10:11:09', 2, 5),
(2839, '258369', 9, '2024-10-24 10:19:12', 225, 5),
(2840, '12345689', 6, '2024-10-24 11:16:23', 23, 5),
(2841, '1', 6, '2024-10-24 11:40:19', 12, 5),
(2842, '2', 8, '2024-10-24 11:49:49', 366, 5);

-- --------------------------------------------------------

--
-- Estructura de tabla para la tabla `pedidos_d_r_e`
--

CREATE TABLE `pedidos_d_r_e` (
  `id` bigint(20) NOT NULL,
  `id_pedido` bigint(20) NOT NULL,
  `id_despachador` int(11) NOT NULL,
  `id_rechequeador` int(11) DEFAULT NULL,
  `id_embalador` int(11) DEFAULT NULL,
  `fecha_rechequeado` datetime DEFAULT NULL
) ENGINE=InnoDB DEFAULT CHARSET=utf8 COLLATE=utf8_unicode_ci;

--
-- Volcado de datos para la tabla `pedidos_d_r_e`
--

INSERT INTO `pedidos_d_r_e` (`id`, `id_pedido`, `id_despachador`, `id_rechequeador`, `id_embalador`, `fecha_rechequeado`) VALUES
(102, 56, 74, 20, 28, '2024-10-14 10:10:20'),
(103, 57, 141, 20, 93, '2024-10-14 11:59:03'),
(108, 59, 25, 29, 96, '2024-10-14 11:39:44'),
(109, 59, 116, 29, 94, '2024-10-14 11:46:17'),
(110, 60, 154, 20, 16, '2024-10-14 14:17:58'),
(111, 61, 95, 37, 95, '2024-10-14 12:11:39'),
(112, 62, 36, 17, 126, '2024-10-14 12:25:24'),
(113, 62, 30, 17, 126, '2024-10-14 12:25:24'),
(114, 62, 94, NULL, NULL, NULL),
(115, 62, 25, NULL, NULL, NULL),
(116, 63, 47, NULL, NULL, NULL),
(117, 64, 70, 40, 50, '2024-10-14 14:26:09'),
(118, 65, 46, NULL, NULL, NULL),
(119, 66, 94, 32, 31, '2024-10-14 13:59:47'),
(120, 66, 85, 42, 44, '2024-10-14 14:24:56'),
(121, 66, 99, 32, 31, '2024-10-14 14:01:49'),
(122, 66, 36, 32, 31, '2024-10-14 14:02:12'),
(123, 67, 23, NULL, NULL, NULL),
(124, 68, 75, 36, 57, '2024-10-14 14:27:44'),
(125, 69, 103, 57, 82, '2024-10-14 15:07:10'),
(126, 70, 103, 21, 47, '2024-10-14 15:02:58'),
(127, 71, 30, 9, 42, '2024-10-14 14:50:57'),
(128, 71, 116, 9, 42, '2024-10-14 14:47:27'),
(129, 72, 132, 27, 71, '2024-10-14 15:34:25'),
(130, 73, 130, NULL, NULL, NULL),
(131, 74, 40, 21, 47, '2024-10-14 15:12:02'),
(132, 75, 84, 57, 53, '2024-10-14 15:32:51'),
(133, 76, 89, NULL, NULL, NULL),
(134, 77, 89, NULL, NULL, NULL),
(139, 80, 83, 21, 47, '2024-10-14 16:15:12'),
(140, 80, 16, 21, 47, '2024-10-14 15:47:10'),
(141, 80, 18, 21, 47, '2024-10-14 15:22:17'),
(142, 80, 154, 21, 47, '2024-10-14 16:20:15'),
(143, 80, 74, NULL, NULL, NULL),
(144, 81, 59, NULL, NULL, NULL),
(145, 82, 82, 46, 104, '2024-10-14 15:58:47'),
(146, 83, 93, NULL, NULL, NULL),
(147, 84, 32, NULL, NULL, NULL),
(148, 85, 131, NULL, 43, '2024-10-14 16:30:33'),
(152, 87, 132, 61, 84, '2024-10-15 00:04:42'),
(153, 88, 101, NULL, NULL, NULL),
(154, 89, 40, 71, 53, '2024-10-18 22:02:46'),
(155, 90, 109, 27, 71, '2024-10-14 16:30:08'),
(156, 91, 118, NULL, NULL, NULL),
(157, 92, 76, NULL, NULL, NULL),
(158, 93, 123, 66, 46, '2024-10-14 16:23:58'),
(159, 94, 41, 35, 33, '2024-10-14 15:49:06'),
(160, 95, 78, 57, 53, '2024-10-14 15:56:48'),
(161, 96, 93, 14, 62, '2024-10-14 20:00:15'),
(162, 97, 57, 61, 48, '2024-10-14 19:29:22'),
(163, 98, 55, 26, 11, '2024-10-14 15:52:20'),
(164, 99, 124, NULL, NULL, NULL),
(168, 101, 89, NULL, NULL, NULL),
(169, 101, 84, NULL, NULL, NULL),
(170, 101, 88, NULL, NULL, NULL),
(171, 102, 14, NULL, NULL, NULL),
(172, 103, 75, 40, 50, '2024-10-15 08:21:47'),
(173, 104, 18, 22, 13, '2024-10-14 16:03:29'),
(174, 105, 18, 23, 28, '2024-10-15 08:42:34'),
(175, 106, 59, NULL, 28, '2024-10-14 16:50:32'),
(176, 107, 49, NULL, NULL, NULL),
(177, 108, 76, NULL, 44, '2024-10-14 16:56:32'),
(181, 111, 61, 29, 87, '2024-10-14 16:35:51'),
(182, 112, 61, 35, 33, '2024-10-14 16:07:10'),
(183, 113, 17, 29, 87, '2024-10-14 16:47:53'),
(184, 114, 17, NULL, NULL, NULL),
(185, 115, 17, NULL, NULL, NULL),
(186, 116, 20, NULL, NULL, NULL),
(187, 117, 20, 28, 78, '2024-10-15 08:45:59'),
(188, 118, 132, 35, 33, '2024-10-14 17:12:13'),
(189, 119, 82, 26, 11, '2024-10-14 16:08:03'),
(190, 120, 81, 23, 28, '2024-10-15 09:57:23'),
(191, 121, 83, NULL, 43, '2024-10-14 16:12:12'),
(192, 122, 69, 57, 53, '2024-10-14 16:14:37'),
(193, 123, 25, NULL, 43, '2024-10-14 16:08:51'),
(194, 126, 124, 26, 11, '2024-10-14 16:13:17'),
(195, 127, 96, 46, 104, '2024-10-15 00:18:48'),
(196, 128, 72, 23, 28, '2024-10-14 17:00:33'),
(197, 129, 72, 22, 13, '2024-10-14 16:59:30'),
(198, 130, 121, 57, 69, '2024-10-14 20:20:28'),
(199, 131, 81, 26, 11, '2024-10-14 17:04:09'),
(200, 132, 56, 57, 53, '2024-10-14 17:27:09'),
(201, 133, 61, NULL, NULL, NULL),
(202, 134, 61, NULL, NULL, NULL),
(203, 135, 83, 14, 62, '2024-10-14 21:00:21'),
(204, 136, 83, 53, 60, '2024-10-14 19:25:49'),
(208, 138, 35, NULL, NULL, NULL),
(209, 138, 60, NULL, NULL, NULL),
(210, 138, 124, NULL, NULL, NULL),
(211, 138, 123, NULL, NULL, NULL),
(212, 139, 18, 46, 104, '2024-10-14 16:52:06'),
(213, 140, 20, NULL, NULL, NULL),
(214, 141, 20, NULL, NULL, NULL),
(215, 142, 25, NULL, NULL, NULL),
(216, 143, 81, NULL, NULL, NULL),
(217, 144, 127, NULL, NULL, NULL),
(218, 145, 219, 35, 33, '2024-10-14 16:41:01'),
(219, 146, 219, 26, 11, '2024-10-14 16:28:04'),
(220, 147, 220, 23, 28, '2024-10-14 17:06:37'),
(221, 148, 220, NULL, NULL, NULL),
(222, 209, 131, 22, 13, '2024-10-14 17:16:04'),
(223, 213, 55, NULL, NULL, NULL),
(224, 214, 55, 26, 11, '2024-10-14 16:39:16'),
(225, 215, 89, 35, 33, '2024-10-14 16:47:14'),
(226, 216, 89, NULL, NULL, NULL),
(227, 217, 82, 14, 62, '2024-10-14 22:58:31'),
(228, 218, 16, NULL, NULL, NULL),
(229, 219, 16, 26, 11, '2024-10-14 16:58:20'),
(230, 220, 81, NULL, NULL, NULL),
(231, 221, 132, 35, 33, '2024-10-14 16:44:04'),
(232, 222, 80, NULL, NULL, NULL),
(233, 222, 93, NULL, NULL, NULL),
(234, 222, 69, NULL, NULL, NULL),
(235, 223, 40, 58, 76, '2024-10-14 23:36:41'),
(236, 224, 40, NULL, NULL, NULL),
(237, 225, 41, NULL, NULL, NULL),
(238, 226, 75, NULL, NULL, NULL),
(239, 227, 127, 35, 33, '2024-10-14 16:53:30'),
(240, 228, 84, 46, 104, '2024-10-14 17:16:35'),
(241, 229, 14, NULL, NULL, NULL),
(242, 230, 69, 57, 69, '2024-10-14 21:31:42'),
(243, 231, 56, NULL, NULL, NULL),
(244, 232, 132, NULL, NULL, NULL),
(245, 233, 84, 46, 104, '2024-10-14 17:23:03'),
(246, 234, 16, NULL, NULL, NULL),
(247, 235, 40, 14, 62, '2024-10-14 19:25:14'),
(248, 236, 127, NULL, NULL, NULL),
(249, 237, 124, NULL, NULL, NULL),
(250, 238, 123, NULL, NULL, NULL),
(251, 239, 109, 26, 11, '2024-10-14 17:14:06'),
(252, 240, 17, 46, 104, '2024-10-14 21:03:07'),
(253, 241, 131, 54, 61, '2024-10-14 23:36:03'),
(254, 242, 130, 35, 33, '2024-10-14 17:13:35'),
(255, 244, 39, 57, 69, '2024-10-14 21:37:18'),
(256, 245, 219, NULL, NULL, NULL),
(257, 247, 38, NULL, NULL, NULL),
(258, 249, 48, 49, 90, '2024-10-14 20:34:28'),
(259, 250, 38, NULL, NULL, NULL),
(260, 251, 154, NULL, NULL, NULL),
(261, 252, 123, NULL, NULL, NULL),
(262, 253, 106, NULL, NULL, NULL),
(263, 256, 106, 61, 84, '2024-10-14 23:21:45'),
(264, 257, 32, 46, 104, '2024-10-14 17:43:37'),
(265, 258, 93, NULL, NULL, NULL),
(266, 259, 37, 46, 104, '2024-10-14 17:33:13'),
(267, 260, 78, 54, 61, '2024-10-14 20:12:27'),
(268, 261, 83, NULL, NULL, NULL),
(269, 262, 33, 66, 46, '2024-10-15 08:45:00'),
(270, 263, 76, 59, 127, '2024-10-14 20:14:13'),
(271, 267, 33, NULL, NULL, NULL),
(272, 268, 132, 36, 57, '2024-10-15 08:33:37'),
(273, 272, 51, NULL, NULL, NULL),
(274, 273, 84, NULL, NULL, NULL),
(275, 274, 103, NULL, NULL, NULL),
(276, 278, 124, NULL, NULL, NULL),
(277, 279, 103, NULL, NULL, NULL),
(278, 284, 35, NULL, NULL, NULL),
(280, 317, 220, 15, 41, '2024-10-14 23:06:43'),
(281, 318, 223, NULL, NULL, NULL),
(282, 319, 41, 22, 13, '2024-10-15 10:13:40'),
(283, 320, 88, 27, 71, '2024-10-15 09:37:21'),
(284, 321, 127, 14, 62, '2024-10-14 23:57:56'),
(285, 322, 16, 61, 84, '2024-10-14 23:04:45'),
(286, 323, 14, 52, 96, '2024-10-14 21:33:39'),
(287, 323, 130, 52, 96, '2024-10-14 20:13:09'),
(288, 323, 24, 53, 60, '2024-10-14 20:08:38'),
(289, 323, 68, 53, 60, '2024-10-14 20:08:38'),
(290, 323, 129, 53, 60, '2024-10-14 20:08:38'),
(291, 323, 61, 52, 96, '2024-10-14 21:28:27'),
(292, 323, 56, 53, 60, '2024-10-14 21:33:06'),
(293, 323, 79, 53, 60, '2024-10-14 21:33:56'),
(294, 324, 103, 20, 74, '2024-10-15 08:45:23'),
(295, 325, 72, 54, 61, '2024-10-14 20:25:50'),
(296, 326, 96, 52, 96, '2024-10-14 19:29:40'),
(297, 327, 69, 35, 33, '2024-10-15 08:57:29'),
(298, 328, 18, NULL, NULL, NULL),
(299, 329, 49, 14, 62, '2024-10-14 23:39:20'),
(300, 332, 49, 22, 13, '2024-10-15 08:25:17'),
(301, 336, 82, NULL, NULL, NULL),
(302, 341, 82, 59, 52, '2024-10-14 19:59:08'),
(303, 342, 80, 49, 90, '2024-10-14 23:29:38'),
(304, 343, 77, NULL, NULL, NULL),
(305, 344, 32, 53, 60, '2024-10-14 22:37:10'),
(306, 345, 60, 53, 60, '2024-10-14 22:38:57'),
(307, 346, 51, NULL, NULL, NULL),
(308, 347, 153, 58, 76, '2024-10-14 21:25:55'),
(309, 348, 143, NULL, NULL, NULL),
(310, 349, 12, NULL, NULL, NULL),
(311, 349, 99, NULL, NULL, NULL),
(312, 349, 137, NULL, NULL, NULL),
(313, 350, 23, 48, 80, '2024-10-14 20:02:09'),
(314, 351, 23, NULL, NULL, NULL),
(315, 352, 69, 15, 68, '2024-10-14 20:14:10'),
(316, 353, 93, NULL, NULL, NULL),
(317, 354, 45, NULL, NULL, NULL),
(318, 355, 59, 47, 77, '2024-10-14 21:00:53'),
(319, 356, 84, NULL, NULL, NULL),
(320, 357, 84, 52, 96, '2024-10-14 19:57:02'),
(321, 358, 84, 53, 60, '2024-10-14 19:49:33'),
(322, 359, 84, 61, 84, '2024-10-14 20:10:55'),
(323, 360, 125, 15, 68, '2024-10-14 21:03:31'),
(324, 361, 82, NULL, NULL, NULL),
(325, 361, 131, NULL, NULL, NULL),
(326, 361, 54, 60, 83, '2024-10-14 20:27:25'),
(327, 361, 120, NULL, NULL, NULL),
(328, 361, 98, NULL, NULL, NULL),
(329, 362, 89, NULL, NULL, NULL),
(330, 363, 89, NULL, NULL, NULL),
(331, 364, 89, NULL, NULL, NULL),
(332, 365, 89, 54, 61, '2024-10-14 22:17:44'),
(333, 366, 126, 54, 61, '2024-10-14 21:18:24'),
(334, 367, 51, 14, 62, '2024-10-14 21:16:05'),
(335, 369, 130, 61, 84, '2024-10-14 22:40:20'),
(336, 370, 72, NULL, NULL, NULL),
(337, 371, 72, NULL, NULL, NULL),
(338, 372, 72, NULL, NULL, NULL),
(339, 373, 72, NULL, NULL, NULL),
(340, 374, 118, NULL, NULL, NULL),
(341, 375, 118, NULL, NULL, NULL),
(342, 376, 118, 54, 61, '2024-10-14 22:44:05'),
(343, 377, 118, 49, 90, '2024-10-14 20:21:09'),
(344, 378, 118, 14, 62, '2024-10-14 22:40:54'),
(345, 379, 49, NULL, NULL, NULL),
(346, 379, 117, NULL, NULL, NULL),
(347, 380, 127, 58, 76, '2024-10-14 23:23:50'),
(348, 380, 103, 58, 76, '2024-10-14 23:23:50'),
(349, 380, 119, 58, 76, '2024-10-14 23:23:50'),
(350, 381, 124, NULL, NULL, NULL),
(351, 382, 24, 49, 90, '2024-10-14 22:37:47'),
(352, 382, 90, 49, 90, '2024-10-14 22:37:47'),
(353, 383, 104, 46, 104, '2024-10-14 22:44:02'),
(354, 384, 76, 15, 41, '2024-10-14 22:52:21'),
(355, 385, 76, 53, 60, '2024-10-14 22:57:34'),
(356, 386, 17, 59, 127, '2024-10-14 23:13:40'),
(357, 387, 17, NULL, NULL, NULL),
(358, 388, 35, 57, 69, '2024-10-14 21:28:03'),
(359, 389, 35, 57, 69, '2024-10-14 21:28:19'),
(360, 390, 61, 54, 61, '2024-10-14 20:37:00'),
(361, 391, 88, NULL, NULL, NULL),
(362, 392, 88, NULL, NULL, NULL),
(363, 393, 91, 47, 77, '2024-10-14 21:37:47'),
(364, 394, 91, 46, 104, '2024-10-14 22:35:59'),
(365, 395, 77, NULL, NULL, NULL),
(366, 396, 77, 47, 77, '2024-10-14 22:35:09'),
(367, 397, 18, NULL, NULL, NULL),
(368, 398, 18, 61, 84, '2024-10-14 20:46:17'),
(369, 399, 18, NULL, NULL, NULL),
(370, 400, 41, 52, 96, '2024-10-14 22:54:24'),
(371, 401, 41, 54, 61, '2024-10-14 23:01:26'),
(372, 402, 41, 59, 127, '2024-10-14 23:15:22'),
(373, 403, 14, 61, 84, '2024-10-14 23:11:03'),
(374, 404, 14, 14, 62, '2024-10-14 22:33:40'),
(375, 405, 14, 49, 90, '2024-10-14 23:39:42'),
(376, 406, 80, 15, 41, '2024-10-14 22:58:27'),
(377, 407, 80, NULL, NULL, NULL),
(378, 408, 80, 47, 77, '2024-10-14 22:57:14'),
(379, 409, 132, NULL, NULL, NULL),
(380, 410, 132, 14, 62, '2024-10-14 22:50:57'),
(381, 411, 132, NULL, NULL, NULL),
(382, 412, 132, 47, 77, '2024-10-14 23:47:52'),
(383, 413, 83, 61, 84, '2024-10-14 23:37:18'),
(384, 414, 83, 15, 41, '2024-10-14 23:49:40'),
(385, 415, 18, 61, 84, '2024-10-14 23:49:11'),
(386, 416, 129, NULL, NULL, NULL),
(387, 417, 129, 60, 83, '2024-10-14 23:42:25'),
(388, 418, 123, 53, 60, '2024-10-14 23:12:36'),
(389, 419, 220, NULL, NULL, NULL),
(390, 420, 220, 15, 41, '2024-10-14 23:54:17'),
(391, 421, 220, NULL, NULL, NULL),
(392, 422, 54, NULL, NULL, NULL),
(393, 423, 54, NULL, NULL, NULL),
(394, 424, 122, 54, 61, '2024-10-14 23:29:54'),
(395, 425, 120, NULL, NULL, NULL),
(396, 426, 126, NULL, NULL, NULL),
(397, 427, 126, NULL, NULL, NULL),
(398, 428, 126, 61, 84, '2024-10-14 23:18:20'),
(399, 429, 143, NULL, NULL, NULL),
(400, 430, 120, NULL, NULL, NULL),
(401, 431, 120, 52, 96, '2024-10-14 23:12:26'),
(402, 431, 59, 52, 96, '2024-10-14 23:29:31'),
(403, 432, 120, NULL, NULL, NULL),
(404, 433, 125, NULL, NULL, NULL),
(405, 434, 126, NULL, NULL, NULL),
(406, 435, 126, NULL, NULL, NULL),
(407, 436, 131, NULL, NULL, NULL),
(408, 437, 119, 46, 104, '2024-10-15 00:08:51'),
(409, 438, 119, NULL, NULL, NULL),
(410, 439, 103, 15, 41, '2024-10-15 00:02:10'),
(411, 440, 103, 15, 41, '2024-10-15 00:11:22'),
(412, 441, 14, 15, 41, '2024-10-15 00:04:23'),
(413, 442, 124, 17, 47, '2024-10-15 08:34:00'),
(414, 443, 120, NULL, NULL, NULL),
(415, 514, 51, 32, 31, '2024-10-15 09:00:19'),
(416, 531, 89, 23, 28, '2024-10-15 09:58:43'),
(417, 532, 130, 21, 47, '2024-10-15 09:06:46'),
(418, 533, 89, 29, 87, '2024-10-15 08:32:18'),
(419, 534, 132, 22, 13, '2024-10-15 09:20:56'),
(420, 535, 51, 33, 34, '2024-10-15 08:45:46'),
(421, 536, 129, 35, 33, '2024-10-15 09:08:58'),
(422, 537, 129, 33, 34, '2024-10-15 10:53:03'),
(423, 538, 123, 28, 78, '2024-10-15 09:08:51'),
(424, 539, 88, 43, 46, '2024-10-15 10:26:10'),
(425, 540, 129, 22, 13, '2024-10-15 08:50:23'),
(426, 541, 120, 35, 33, '2024-10-15 08:49:14'),
(427, 542, 59, 23, 28, '2024-10-15 08:50:14'),
(428, 543, 128, 20, 74, '2024-10-15 08:56:39'),
(429, 544, 51, NULL, NULL, NULL),
(430, 545, 75, 32, 31, '2024-10-15 08:59:24'),
(431, 546, 120, NULL, NULL, NULL),
(432, 547, 219, 22, 13, '2024-10-15 09:37:34'),
(433, 548, 119, 61, 84, '2024-10-14 22:55:30'),
(434, 549, 132, 22, 13, '2024-10-15 09:05:40'),
(435, 550, 129, 22, 13, '2024-10-15 08:31:47'),
(436, 551, 51, 33, 34, '2024-10-15 09:50:12'),
(437, 552, 120, 33, 34, '2024-10-15 10:10:17'),
(438, 553, 131, NULL, NULL, NULL),
(439, 554, 119, NULL, NULL, NULL),
(440, 555, 132, NULL, NULL, NULL),
(441, 556, 219, NULL, NULL, NULL),
(442, 557, 129, 35, 33, '2024-10-15 08:36:28'),
(443, 558, 132, 27, 71, '2024-10-15 09:20:21'),
(444, 559, 119, 22, 13, '2024-10-15 08:24:48'),
(445, 560, 119, 22, 13, '2024-10-15 08:58:21'),
(446, 561, 119, 33, 34, '2024-10-15 11:22:41'),
(447, 562, 55, 28, 78, '2024-10-15 10:38:19'),
(448, 562, 154, NULL, NULL, NULL),
(449, 562, 95, 22, 13, '2024-10-15 10:31:05'),
(450, 562, 106, 22, 13, '2024-10-15 10:31:05'),
(451, 562, 151, 22, 13, '2024-10-15 10:31:05'),
(452, 564, 94, NULL, NULL, NULL),
(456, 566, 38, 33, 34, '2024-10-15 09:28:10'),
(457, 567, 125, NULL, NULL, NULL),
(459, 569, 11, NULL, NULL, NULL),
(460, 570, 94, NULL, NULL, NULL),
(461, 572, 42, 9, 42, '2024-10-15 12:04:42'),
(462, 575, 42, 9, 42, '2024-10-15 15:37:33'),
(463, 576, 42, 9, 42, '2024-10-15 11:41:47'),
(464, 578, 95, 37, 84, '2024-10-15 14:45:03'),
(465, 581, 30, 35, 42, '2024-10-15 10:35:28'),
(466, 584, 43, NULL, NULL, NULL),
(467, 584, 33, NULL, NULL, NULL),
(468, 584, 70, NULL, NULL, NULL),
(469, 584, 50, NULL, NULL, NULL),
(470, 587, 37, 62, 64, '2024-10-15 12:01:58'),
(471, 588, 37, NULL, NULL, NULL),
(472, 589, 37, NULL, NULL, NULL),
(473, 590, 37, NULL, NULL, NULL),
(474, 593, 12, 21, 47, '2024-10-15 09:53:52'),
(475, 596, 12, NULL, NULL, NULL),
(476, 600, 12, 21, 47, '2024-10-15 10:11:19'),
(477, 605, 11, 26, 11, '2024-10-15 10:20:20'),
(478, 606, 11, 26, 11, '2024-10-15 10:16:08'),
(479, 609, 11, 21, 47, '2024-10-15 10:03:52'),
(480, 614, 11, 32, 31, '2024-10-15 09:37:22'),
(481, 619, 101, 32, 31, '2024-10-15 09:53:51'),
(483, 623, 225, 36, 57, '2024-10-15 11:45:06'),
(484, 627, 225, 33, 34, '2024-10-15 11:42:24'),
(485, 629, 107, NULL, NULL, NULL),
(486, 630, 12, 26, 11, '2024-10-15 10:38:38'),
(487, 634, 12, 26, 11, '2024-10-15 10:12:51'),
(488, 637, 16, 26, 11, '2024-10-15 10:09:39'),
(489, 638, 16, 20, 74, '2024-10-15 11:39:11'),
(490, 639, 16, NULL, NULL, NULL),
(491, 643, 74, NULL, NULL, NULL),
(492, 647, 74, 33, 34, '2024-10-15 10:03:03'),
(493, 651, 65, 33, 34, '2024-10-15 09:58:29'),
(494, 657, 65, 32, 31, '2024-10-15 10:30:51'),
(495, 663, 65, NULL, NULL, NULL),
(496, 674, 94, NULL, NULL, NULL),
(497, 674, 151, NULL, NULL, NULL),
(498, 678, 11, 26, 11, '2024-10-15 13:49:39'),
(499, 682, 11, 26, 11, '2024-10-15 11:31:56'),
(500, 690, 30, 35, 30, '2024-10-15 10:08:01'),
(501, 694, 30, 35, 42, '2024-10-15 10:15:57'),
(502, 699, 55, 23, 28, '2024-10-15 13:45:36'),
(503, 703, 38, 26, 11, '2024-10-15 14:00:27'),
(504, 708, 87, 32, 31, '2024-10-15 16:00:32'),
(505, 709, 70, 40, 50, '2024-10-15 11:45:13'),
(506, 714, 70, NULL, NULL, NULL),
(507, 720, 101, 36, 57, '2024-10-15 10:43:52'),
(508, 721, 101, 36, 57, '2024-10-15 10:22:09'),
(509, 722, 101, 36, 57, '2024-10-15 10:05:34'),
(510, 727, 154, NULL, NULL, NULL),
(511, 729, 154, 20, 74, '2024-10-15 11:25:01'),
(512, 731, 154, 20, 74, '2024-10-15 14:18:34'),
(513, 732, 16, 20, 74, '2024-10-15 11:30:00'),
(514, 733, 16, 20, 74, '2024-10-15 16:47:00'),
(515, 735, 33, 35, 33, '2024-10-15 11:13:24'),
(516, 736, 33, 35, 33, '2024-10-15 10:59:37'),
(517, 741, 33, 35, 33, '2024-10-15 11:27:39'),
(518, 747, 65, 35, 33, '2024-10-15 11:41:48'),
(519, 748, 74, NULL, NULL, NULL),
(520, 755, 105, 26, 11, '2024-10-15 10:46:33'),
(521, 758, 223, 33, 34, '2024-10-15 10:31:26'),
(522, 760, 223, 33, 34, '2024-10-15 10:39:23'),
(523, 764, 223, 33, 34, '2024-10-15 10:35:36'),
(524, 766, 102, 23, 28, '2024-10-15 10:31:22'),
(525, 767, 102, 35, 42, '2024-10-15 10:30:03'),
(526, 773, 102, 35, 42, '2024-10-15 10:26:56'),
(527, 778, 102, 23, 28, '2024-10-15 10:34:40'),
(528, 791, 109, 62, 64, '2024-10-15 14:50:47'),
(529, 792, 44, 32, 31, '2024-10-15 14:08:21'),
(530, 796, 154, 42, 44, '2024-10-15 15:09:20'),
(531, 803, 154, 42, 44, '2024-10-15 14:36:01'),
(532, 807, 154, 42, 44, '2024-10-15 14:54:21'),
(533, 814, 154, NULL, NULL, NULL),
(534, 815, 27, 23, 28, '2024-10-15 11:02:25'),
(535, 820, 27, 23, 28, '2024-10-15 11:35:48'),
(536, 821, 27, 23, 28, '2024-10-15 10:43:02'),
(537, 822, 27, 23, 28, '2024-10-15 10:51:49'),
(538, 823, 102, 21, 47, '2024-10-15 14:07:28'),
(539, 824, 102, 37, 38, '2024-10-15 12:11:30'),
(540, 825, 74, NULL, NULL, NULL),
(541, 826, 74, NULL, NULL, NULL),
(542, 827, 74, 52, 63, '2024-10-15 14:16:19'),
(543, 828, 74, 36, 57, '2024-10-15 11:07:31'),
(544, 829, 50, 33, 34, '2024-10-15 11:14:36'),
(545, 830, 50, 33, 34, '2024-10-15 10:47:19'),
(546, 831, 50, NULL, NULL, NULL),
(547, 832, 50, 33, 34, '2024-10-15 11:36:34'),
(548, 833, 47, 21, 47, '2024-10-15 12:33:17'),
(549, 834, 47, NULL, NULL, NULL),
(550, 835, 223, 26, 11, '2024-10-15 15:06:46'),
(551, 836, 107, 29, 87, '2024-10-15 13:52:12'),
(552, 837, 107, 29, 87, '2024-10-15 13:10:28'),
(553, 838, 38, 35, 33, '2024-10-15 11:50:42'),
(554, 839, 106, NULL, NULL, NULL),
(555, 840, 106, 32, 31, '2024-10-15 11:33:58'),
(556, 841, 106, NULL, NULL, NULL),
(557, 842, 105, 33, 34, '2024-10-15 10:57:23'),
(558, 843, 94, 9, 42, '2024-10-15 15:01:18'),
(559, 844, 50, NULL, NULL, NULL),
(560, 845, 65, 33, 34, '2024-10-15 12:06:11'),
(561, 846, 225, NULL, NULL, NULL),
(562, 847, 27, 21, 47, '2024-10-15 11:28:58'),
(563, 848, 105, 36, 57, '2024-10-15 12:02:55'),
(564, 849, 154, 35, 33, '2024-10-15 11:06:41'),
(565, 850, 114, 42, 44, '2024-10-15 14:08:10'),
(566, 851, 47, 21, 47, '2024-10-15 12:03:21'),
(567, 852, 55, 23, 28, '2024-10-15 11:14:51'),
(568, 853, 154, 23, 28, '2024-10-15 11:41:20'),
(569, 854, 154, 23, 28, '2024-10-15 12:08:24'),
(570, 855, 55, 32, 31, '2024-10-15 14:08:05'),
(571, 856, 109, NULL, NULL, NULL),
(572, 857, 65, NULL, NULL, NULL),
(573, 858, 95, 37, 38, '2024-10-15 11:54:57'),
(574, 859, 95, 37, 38, '2024-10-15 13:38:29'),
(575, 860, 107, NULL, NULL, NULL),
(576, 861, 87, NULL, NULL, NULL),
(577, 862, 87, 35, 33, '2024-10-15 12:13:25'),
(578, 863, 154, 35, 33, '2024-10-15 14:36:19'),
(579, 864, 65, NULL, NULL, NULL),
(580, 865, 65, 35, 33, '2024-10-15 12:14:55'),
(581, 866, 151, NULL, NULL, NULL),
(582, 867, 151, 40, 50, '2024-10-15 14:06:00'),
(583, 868, 65, 35, 33, '2024-10-15 14:07:54'),
(584, 869, 151, NULL, NULL, NULL),
(585, 870, 151, 33, 34, '2024-10-15 13:37:43'),
(586, 871, 151, NULL, NULL, NULL),
(587, 872, 106, NULL, NULL, NULL),
(588, 873, 106, NULL, NULL, NULL),
(589, 874, 106, 23, 28, '2024-10-15 15:13:08'),
(590, 875, 55, 23, 28, '2024-10-15 15:18:46'),
(591, 876, 55, 52, 129, '2024-10-15 14:45:38'),
(592, 877, 101, NULL, NULL, NULL),
(593, 878, 101, 36, 57, '2024-10-15 14:14:52'),
(594, 879, 102, NULL, NULL, NULL),
(595, 880, 223, 33, 34, '2024-10-15 13:44:38'),
(596, 881, 223, NULL, NULL, NULL),
(597, 882, 223, NULL, NULL, NULL),
(598, 883, 106, NULL, NULL, NULL),
(599, 884, 106, 33, 34, '2024-10-15 14:03:42'),
(600, 885, 106, 37, 38, '2024-10-15 13:50:21'),
(601, 886, 36, 26, 11, '2024-10-15 14:21:38'),
(602, 887, 36, 26, 11, '2024-10-15 14:03:27'),
(603, 888, 36, 26, 11, '2024-10-15 14:31:04'),
(604, 889, 36, 26, 11, '2024-10-15 13:50:26'),
(605, 890, 154, 20, 74, '2024-10-15 14:54:49'),
(606, 891, 74, NULL, NULL, NULL),
(607, 892, 74, NULL, NULL, NULL),
(608, 893, 16, 20, 74, '2024-10-15 15:39:49'),
(609, 894, 16, 35, 33, '2024-10-15 14:59:24'),
(610, 895, 16, 42, 44, '2024-10-15 15:19:22'),
(611, 896, 223, NULL, NULL, NULL),
(612, 897, 103, 47, 77, '2024-10-15 21:27:00'),
(613, 897, 93, 47, 77, '2024-10-15 21:27:00'),
(614, 898, 23, 35, 33, '2024-10-15 15:25:16'),
(615, 899, 91, 46, 104, '2024-10-15 15:11:01'),
(616, 900, 59, NULL, NULL, NULL),
(617, 901, 59, NULL, NULL, NULL),
(618, 902, 104, 46, 104, '2024-10-15 14:23:51'),
(619, 903, 59, 35, 33, '2024-10-15 17:04:54'),
(620, 904, 82, NULL, NULL, NULL),
(621, 905, 39, NULL, NULL, NULL),
(622, 906, 61, NULL, NULL, NULL),
(623, 907, 117, 52, 96, '2024-10-15 20:14:00'),
(624, 908, 117, 52, 96, '2024-10-15 20:10:27'),
(625, 909, 151, NULL, NULL, NULL),
(626, 910, 117, 46, 104, '2024-10-15 15:22:52'),
(627, 911, 151, NULL, NULL, NULL),
(628, 912, 117, 46, 104, '2024-10-15 14:39:26'),
(629, 913, 90, 46, 104, '2024-10-15 15:50:49'),
(630, 914, 32, 23, 28, '2024-10-15 14:58:44'),
(631, 915, 90, 46, 104, '2024-10-15 15:31:21'),
(632, 916, 32, 29, 87, '2024-10-15 14:40:42'),
(634, 918, 88, NULL, NULL, NULL),
(635, 919, 123, NULL, NULL, NULL),
(636, 920, 131, 58, 88, '2024-10-15 21:04:32'),
(637, 921, 219, 59, 127, '2024-10-15 21:22:10'),
(638, 922, 131, 29, 87, '2024-10-15 16:16:44'),
(639, 923, 131, 58, 88, '2024-10-15 21:19:37'),
(640, 924, 29, NULL, NULL, NULL),
(641, 925, 124, NULL, NULL, NULL),
(642, 926, 124, 62, 64, '2024-10-15 16:57:14'),
(643, 927, 220, NULL, NULL, NULL),
(644, 928, 68, 21, 47, '2024-10-15 15:28:27'),
(645, 929, 127, 15, 41, '2024-10-15 20:49:34'),
(646, 930, 62, 15, 41, '2024-10-15 22:13:41'),
(647, 931, 25, NULL, NULL, NULL),
(648, 932, 45, NULL, NULL, NULL),
(649, 933, 45, 26, 11, '2024-10-15 16:37:26'),
(650, 934, 56, 46, 104, '2024-10-15 15:02:42'),
(651, 935, 45, 40, 50, '2024-10-15 15:59:11'),
(652, 936, 51, 57, 69, '2024-10-15 22:36:04'),
(653, 937, 56, 33, 34, '2024-10-15 16:53:36'),
(654, 938, 51, 59, 127, '2024-10-15 22:59:10'),
(655, 939, 51, 54, 61, '2024-10-15 22:22:35'),
(656, 940, 83, 37, 84, '2024-10-15 14:38:14'),
(657, 941, 130, 33, 34, '2024-10-15 15:45:16'),
(658, 942, 83, 37, 84, '2024-10-15 16:22:24'),
(659, 943, 130, 58, 88, '2024-10-15 22:16:36'),
(660, 944, 130, NULL, NULL, NULL),
(661, 945, 96, 52, 96, '2024-10-15 21:22:08'),
(662, 946, 40, 9, 42, '2024-10-15 15:41:08'),
(663, 947, 89, 40, 50, '2024-10-15 16:13:53'),
(664, 948, 69, NULL, NULL, NULL),
(665, 950, 89, NULL, NULL, NULL),
(666, 951, 132, 33, 34, '2024-10-15 15:31:50'),
(667, 952, 132, NULL, NULL, NULL),
(668, 953, 69, NULL, NULL, NULL),
(669, 954, 132, 59, 127, '2024-10-15 22:38:55'),
(670, 955, 77, 36, 57, '2024-10-15 16:05:22'),
(671, 956, 81, 21, 47, '2024-10-15 17:01:12'),
(672, 957, 81, NULL, NULL, NULL),
(673, 958, 77, 36, 57, '2024-10-15 15:35:10'),
(674, 959, 81, NULL, NULL, NULL),
(675, 960, 18, 36, 57, '2024-10-15 14:52:30'),
(676, 961, 80, 33, 34, '2024-10-15 17:14:41'),
(677, 962, 80, 33, 34, '2024-10-15 15:41:13'),
(678, 963, 80, 15, 41, '2024-10-15 22:47:58'),
(679, 964, 52, 23, 28, '2024-10-15 15:52:01'),
(680, 965, 80, 23, 28, '2024-10-15 16:09:29'),
(681, 966, 92, 57, 69, '2024-10-15 19:57:49'),
(682, 967, 82, 47, 77, '2024-10-15 23:53:52'),
(683, 968, 82, NULL, NULL, NULL),
(684, 969, 20, 46, 104, '2024-10-15 16:04:24'),
(685, 970, 109, 58, 88, '2024-10-16 00:42:57'),
(686, 971, 41, NULL, NULL, NULL),
(687, 972, 41, 36, 57, '2024-10-15 15:11:47'),
(688, 973, 53, 15, 41, '2024-10-15 23:46:09'),
(689, 974, 76, 59, 127, '2024-10-15 22:39:13'),
(690, 975, 118, NULL, NULL, NULL),
(691, 976, 121, 21, 47, '2024-10-15 16:16:43'),
(692, 977, 88, 62, 64, '2024-10-15 15:45:00'),
(693, 978, 88, NULL, NULL, NULL),
(694, 979, 32, NULL, NULL, NULL),
(695, 980, 49, NULL, NULL, NULL),
(696, 981, 129, 46, 104, '2024-10-15 23:59:00'),
(697, 982, 49, 33, 34, '2024-10-15 15:22:49'),
(698, 983, 24, 14, 62, '2024-10-16 00:25:09'),
(699, 984, 17, 29, 87, '2024-10-15 15:06:13'),
(700, 985, 55, 52, 53, '2024-10-15 15:52:36'),
(701, 986, 35, 35, 33, '2024-10-15 16:07:39'),
(702, 987, 55, NULL, NULL, NULL),
(703, 988, 55, NULL, NULL, NULL),
(704, 989, 79, NULL, NULL, NULL),
(705, 990, 35, 29, 87, '2024-10-15 15:31:48'),
(706, 991, 106, 35, 33, '2024-10-15 15:58:36'),
(707, 992, 25, 46, 104, '2024-10-15 17:20:51'),
(708, 993, 52, 42, 44, '2024-10-15 14:48:04'),
(709, 994, 52, 52, 96, '2024-10-15 20:22:41'),
(710, 995, 23, 36, 57, '2024-10-15 16:45:25'),
(711, 996, 23, 36, 57, '2024-10-15 15:20:19'),
(712, 997, 48, 46, 104, '2024-10-15 14:58:46'),
(713, 998, 48, NULL, NULL, NULL),
(714, 999, 48, 52, 96, '2024-10-15 22:41:11'),
(715, 1000, 219, 23, 28, '2024-10-15 16:58:42'),
(716, 1001, 219, NULL, NULL, NULL),
(717, 1002, 219, NULL, NULL, NULL),
(718, 1003, 124, 15, 41, '2024-10-15 22:49:45'),
(719, 1004, 124, 21, 47, '2024-10-15 15:52:39'),
(720, 1005, 124, NULL, NULL, NULL),
(721, 1006, 18, NULL, NULL, NULL),
(722, 1007, 59, 9, 42, '2024-10-15 16:42:30'),
(723, 1008, 52, 53, 60, '2024-10-15 21:09:45'),
(724, 1009, 77, NULL, NULL, NULL),
(725, 1010, 112, 20, 74, '2024-10-15 15:29:01'),
(726, 1011, 112, 21, 47, '2024-10-15 15:20:54'),
(727, 1012, 112, 21, 47, '2024-10-15 15:12:16'),
(728, 1013, 112, NULL, NULL, NULL),
(729, 1014, 154, 62, 64, '2024-10-15 16:15:57'),
(730, 1015, 154, 42, 44, '2024-10-15 16:17:28'),
(731, 1016, 123, 57, 69, '2024-10-15 20:39:36'),
(732, 1017, 123, 57, 69, '2024-10-15 22:18:35'),
(733, 1018, 83, NULL, NULL, NULL),
(734, 1019, 83, 52, 96, '2024-10-15 20:05:23'),
(735, 1020, 41, 29, 87, '2024-10-15 16:41:25'),
(736, 1022, 41, 52, 96, '2024-10-15 20:16:48'),
(737, 1023, 17, 29, 87, '2024-10-15 15:54:59'),
(738, 1024, 17, NULL, NULL, NULL),
(739, 1025, 23, 35, 33, '2024-10-15 16:32:27'),
(740, 1027, 23, 35, 33, '2024-10-15 15:45:57'),
(741, 1028, 106, 35, 33, '2024-10-15 16:18:04'),
(742, 1029, 80, 33, 34, '2024-10-15 16:13:26'),
(743, 1030, 80, 33, 34, '2024-10-15 15:53:36'),
(744, 1031, 151, 62, 64, '2024-10-15 16:16:26'),
(745, 1032, 151, NULL, NULL, NULL),
(746, 1033, 68, NULL, NULL, NULL),
(747, 1034, 68, NULL, NULL, NULL),
(748, 1035, 69, NULL, NULL, NULL),
(749, 1036, 14, 32, 31, '2024-10-15 16:00:59'),
(750, 1037, 14, 33, 34, '2024-10-15 16:39:13'),
(751, 1038, 39, 23, 28, '2024-10-15 16:47:58'),
(752, 1039, 39, 23, 28, '2024-10-15 16:36:54'),
(753, 1040, 220, 46, 104, '2024-10-15 22:29:26'),
(754, 1041, 82, 59, 127, '2024-10-15 20:58:58'),
(755, 1042, 40, 58, 88, '2024-10-15 20:41:35'),
(756, 1043, 76, 36, 57, '2024-10-15 16:11:56'),
(757, 1044, 76, 52, 53, '2024-10-15 16:19:05'),
(758, 1045, 56, 54, 61, '2024-10-15 22:11:17'),
(759, 1046, 56, 40, 50, '2024-10-15 15:54:53'),
(760, 1047, 39, 15, 41, '2024-10-15 20:31:48'),
(761, 1048, 45, NULL, NULL, NULL),
(762, 1049, 45, 26, 11, '2024-10-15 16:49:04'),
(763, 1050, 132, NULL, NULL, NULL),
(764, 1052, 132, 59, 127, '2024-10-15 20:35:32'),
(765, 1054, 96, 52, 96, '2024-10-15 20:28:09'),
(766, 1056, 219, 54, 61, '2024-10-15 21:03:08'),
(767, 1058, 219, 23, 28, '2024-10-15 17:03:37'),
(768, 1059, 82, 23, 28, '2024-10-15 15:43:57'),
(769, 1060, 82, 23, 28, '2024-10-15 15:49:57'),
(770, 1061, 127, NULL, NULL, NULL),
(771, 1062, 127, 14, 62, '2024-10-15 20:51:19'),
(772, 1063, 48, 40, 50, '2024-10-15 15:49:05'),
(773, 1064, 48, NULL, NULL, NULL),
(774, 1065, 88, 33, 34, '2024-10-15 16:00:30'),
(775, 1066, 88, 46, 104, '2024-10-15 20:47:44'),
(776, 1067, 59, 36, 57, '2024-10-15 17:03:19'),
(777, 1068, 59, 58, 88, '2024-10-15 23:12:43'),
(778, 1069, 154, 42, 44, '2024-10-15 16:29:20'),
(779, 1070, 154, NULL, NULL, NULL),
(780, 1071, 89, NULL, NULL, NULL),
(781, 1072, 130, NULL, NULL, NULL),
(783, 1075, 130, NULL, NULL, NULL),
(784, 1076, 131, 59, 127, '2024-10-15 20:03:03'),
(785, 1079, 131, NULL, NULL, NULL),
(786, 1080, 131, NULL, NULL, NULL),
(787, 1081, 123, 59, 127, '2024-10-15 21:09:15'),
(788, 1082, 100, NULL, NULL, NULL),
(789, 1083, 100, NULL, NULL, NULL),
(790, 1084, 14, 53, 60, '2024-10-15 19:58:53'),
(791, 1085, 14, 54, 61, '2024-10-15 20:23:34'),
(792, 1086, 82, 14, 62, '2024-10-15 19:34:36'),
(793, 1087, 82, 47, 77, '2024-10-15 20:34:06'),
(794, 1088, 89, 26, 11, '2024-10-15 17:06:57'),
(795, 1089, 89, 33, 34, '2024-10-15 16:23:31'),
(796, 1090, 55, 33, 34, '2024-10-15 16:59:44'),
(797, 1091, 55, NULL, NULL, NULL),
(798, 1092, 38, 14, 62, '2024-10-15 19:48:41'),
(799, 1093, 38, 37, 84, '2024-10-15 17:03:12'),
(800, 1094, 60, NULL, NULL, NULL),
(801, 1095, 60, 57, 69, '2024-10-15 20:33:58'),
(802, 1096, 60, 35, 33, '2024-10-15 16:53:59'),
(803, 1097, 132, 59, 127, '2024-10-15 20:16:26'),
(804, 1098, 132, 53, 60, '2024-10-15 19:57:17'),
(805, 1099, 132, 42, 44, '2024-10-15 16:48:56'),
(806, 1100, 106, 54, 61, '2024-10-15 22:36:04'),
(808, 1102, 20, NULL, NULL, NULL),
(809, 1103, 20, NULL, NULL, NULL),
(810, 1104, 83, 53, 60, '2024-10-15 19:09:46'),
(811, 1105, 83, 14, 62, '2024-10-15 19:25:31'),
(812, 1106, 83, NULL, NULL, NULL),
(813, 1107, 68, 43, 46, '2024-10-16 09:36:20'),
(814, 1108, 68, NULL, NULL, NULL),
(815, 1109, 230, 49, 90, '2024-10-15 19:18:00'),
(816, 1110, 230, 23, 28, '2024-10-15 16:18:59'),
(817, 1111, 230, 52, 96, '2024-10-15 19:45:12'),
(818, 1113, 51, NULL, NULL, NULL),
(819, 1114, 51, NULL, NULL, NULL),
(820, 1115, 51, NULL, NULL, NULL),
(821, 1116, 51, NULL, NULL, NULL),
(822, 1117, 56, NULL, NULL, NULL),
(823, 1118, 80, NULL, NULL, NULL),
(824, 1119, 80, 33, 34, '2024-10-15 16:45:16'),
(826, 1121, 79, NULL, NULL, NULL),
(827, 1122, 23, 35, 33, '2024-10-15 16:46:10'),
(828, 1152, 124, 47, 77, '2024-10-15 20:35:13'),
(829, 1153, 124, 14, 62, '2024-10-15 19:55:56'),
(830, 1154, 112, NULL, NULL, NULL),
(831, 1155, 112, 42, 44, '2024-10-15 17:02:49'),
(832, 1156, 112, NULL, NULL, NULL),
(833, 1157, 123, 52, 96, '2024-10-15 22:12:49'),
(834, 1158, 18, NULL, NULL, NULL),
(835, 1159, 17, NULL, NULL, NULL),
(836, 1160, 62, 46, 104, '2024-10-15 20:23:15'),
(837, 1161, 45, 59, 127, '2024-10-15 19:18:01'),
(838, 1162, 45, 59, 127, '2024-10-15 19:33:01'),
(839, 1163, 45, 59, 127, '2024-10-15 19:40:10'),
(840, 1164, 45, 59, 127, '2024-10-15 19:43:37'),
(841, 1165, 93, 21, 47, '2024-10-15 16:57:51'),
(843, 1167, 93, 54, 61, '2024-10-15 21:03:26'),
(845, 1170, 55, 59, 127, '2024-10-15 23:53:25'),
(846, 1170, 32, 59, 127, '2024-10-15 23:53:25'),
(847, 1170, 41, 59, 127, '2024-10-15 23:53:25'),
(849, 1172, 69, 14, 62, '2024-10-15 23:31:30'),
(851, 1174, 121, 52, 96, '2024-10-15 22:59:46'),
(852, 1177, 39, NULL, NULL, NULL),
(853, 1178, 219, 57, 69, '2024-10-15 23:36:28'),
(854, 1179, 14, 15, 41, '2024-10-15 23:11:55'),
(855, 1180, 14, 15, 41, '2024-10-15 23:01:05'),
(857, 1182, 76, 54, 61, '2024-10-15 23:06:41'),
(858, 1183, 76, 54, 61, '2024-10-15 22:58:18'),
(859, 1184, 48, NULL, NULL, NULL),
(860, 1185, 88, NULL, NULL, NULL),
(861, 1186, 76, NULL, NULL, NULL),
(862, 1187, 77, NULL, NULL, NULL),
(863, 1189, 89, NULL, NULL, NULL),
(864, 1190, 89, 52, 96, '2024-10-15 23:38:14'),
(865, 1191, 80, NULL, NULL, NULL),
(866, 1192, 90, 58, 88, '2024-10-15 23:34:08'),
(867, 1193, 81, 54, 61, '2024-10-15 19:58:51'),
(868, 1194, 81, 14, 62, '2024-10-15 20:34:56'),
(869, 1195, 82, NULL, NULL, NULL),
(870, 1196, 82, NULL, NULL, NULL),
(871, 1197, 82, 57, 69, '2024-10-15 20:10:56'),
(872, 1198, 118, NULL, NULL, NULL),
(873, 1199, 118, NULL, NULL, NULL),
(874, 1200, 24, NULL, NULL, NULL),
(875, 1201, 24, NULL, NULL, NULL),
(876, 1202, 131, 57, 69, '2024-10-15 20:18:28'),
(877, 1203, 24, 33, 34, '2024-10-15 17:18:43'),
(878, 1204, 60, 53, 60, '2024-10-15 17:34:45'),
(879, 1205, 60, 54, 61, '2024-10-15 22:15:09'),
(880, 1206, 29, NULL, NULL, NULL),
(881, 1207, 56, 52, 96, '2024-10-15 22:45:51'),
(882, 1208, 29, NULL, NULL, NULL),
(883, 1209, 29, NULL, NULL, NULL),
(884, 1210, 56, 46, 104, '2024-10-15 22:13:43'),
(885, 1211, 39, NULL, NULL, NULL),
(886, 1212, 23, 48, 80, '2024-10-15 19:43:46'),
(887, 1213, 23, NULL, NULL, NULL),
(888, 1214, 132, NULL, NULL, NULL),
(889, 1215, 96, 54, 61, '2024-10-15 21:12:14'),
(890, 1216, 88, NULL, NULL, NULL),
(891, 1217, 77, NULL, NULL, NULL),
(892, 1218, 77, 57, 69, '2024-10-15 23:02:02'),
(893, 1219, 61, NULL, NULL, NULL),
(894, 1220, 48, NULL, NULL, NULL),
(895, 1221, 48, 46, 104, '2024-10-15 23:34:35'),
(896, 1222, 83, NULL, NULL, NULL),
(897, 1223, 83, NULL, NULL, NULL),
(898, 1224, 45, 57, 69, '2024-10-15 23:11:11'),
(899, 1225, 225, NULL, NULL, NULL),
(900, 1226, 45, NULL, NULL, NULL),
(901, 1227, 230, NULL, NULL, NULL),
(902, 1228, 59, NULL, NULL, NULL),
(903, 1229, 35, 54, 61, '2024-10-15 23:42:37'),
(904, 1230, 59, 47, 77, '2024-10-15 23:43:03'),
(905, 1231, 79, 59, 127, '2024-10-15 22:10:53'),
(906, 1232, 122, NULL, NULL, NULL),
(907, 1233, 122, 52, 96, '2024-10-15 23:14:05'),
(908, 1234, 35, 57, 69, '2024-10-16 00:26:25'),
(909, 1235, 35, NULL, NULL, NULL),
(910, 1236, 76, NULL, NULL, NULL),
(911, 1240, 32, 46, 104, '2024-10-15 17:13:15'),
(912, 1241, 38, 54, 35, '2024-10-16 00:11:37'),
(913, 1242, 76, 15, 41, '2024-10-15 23:33:49'),
(914, 1243, 40, NULL, NULL, NULL),
(915, 1244, 17, NULL, NULL, NULL),
(916, 1245, 17, NULL, NULL, NULL),
(917, 1246, 40, NULL, NULL, NULL),
(918, 1247, 52, NULL, NULL, NULL),
(919, 1248, 68, NULL, NULL, NULL),
(920, 1248, 220, NULL, NULL, NULL),
(921, 1249, 52, NULL, NULL, NULL),
(922, 1250, 124, 15, 41, '2024-10-15 22:44:26'),
(923, 1251, 124, NULL, NULL, NULL),
(924, 1252, 151, NULL, NULL, NULL),
(925, 1253, 103, NULL, NULL, NULL),
(926, 1254, 18, NULL, NULL, NULL),
(927, 1255, 103, NULL, NULL, NULL),
(928, 1256, 49, 14, 62, '2024-10-15 23:56:13'),
(929, 1257, 109, NULL, NULL, NULL),
(930, 1258, 49, 14, 62, '2024-10-15 23:16:05'),
(931, 1259, 89, 58, 88, '2024-10-16 00:02:50'),
(932, 1260, 14, NULL, NULL, NULL),
(933, 1261, 14, 15, 41, '2024-10-15 22:55:18'),
(934, 1262, 69, 54, 61, '2024-10-15 23:19:22'),
(935, 1263, 14, NULL, NULL, NULL),
(936, 1264, 32, 52, 96, '2024-10-16 00:14:30'),
(937, 1265, 51, NULL, NULL, NULL),
(938, 1266, 51, NULL, NULL, NULL),
(939, 1267, 230, 47, 77, '2024-10-15 20:35:22'),
(940, 1268, 93, NULL, NULL, NULL),
(942, 1270, 93, NULL, NULL, NULL),
(943, 1271, 40, 14, 62, '2024-10-15 19:14:24'),
(944, 1272, 55, 14, 62, '2024-10-15 20:01:04'),
(945, 1273, 40, 58, 88, '2024-10-15 19:18:57'),
(946, 1274, 39, NULL, NULL, NULL),
(947, 1275, 39, NULL, NULL, NULL),
(948, 1276, 118, 53, 60, '2024-10-15 20:11:53'),
(949, 1276, 118, 53, 60, '2024-10-15 20:11:53'),
(950, 1277, 77, NULL, NULL, NULL),
(951, 1278, 105, NULL, NULL, NULL),
(952, 1279, 102, NULL, NULL, NULL),
(953, 1280, 97, NULL, NULL, NULL),
(954, 1281, 106, 15, 41, '2024-10-15 20:22:23'),
(955, 1282, 154, NULL, NULL, NULL),
(956, 1283, 154, 57, 69, '2024-10-15 19:54:54'),
(957, 1284, 112, NULL, NULL, NULL),
(958, 1285, 112, 53, 60, '2024-10-15 20:01:30'),
(959, 1286, 82, NULL, NULL, NULL),
(960, 1286, 59, NULL, NULL, NULL),
(961, 1286, 39, NULL, NULL, NULL),
(962, 1286, 96, NULL, NULL, NULL),
(963, 1286, 25, NULL, NULL, NULL),
(964, 1286, 35, NULL, NULL, NULL),
(965, 1287, 105, NULL, NULL, NULL),
(966, 1288, 129, 47, 77, '2024-10-15 20:35:02'),
(967, 1289, 129, 15, 41, '2024-10-15 20:07:31'),
(968, 1290, 14, NULL, NULL, NULL),
(969, 1291, 14, NULL, NULL, NULL),
(970, 1292, 14, NULL, NULL, NULL),
(971, 1293, 56, NULL, NULL, NULL),
(972, 1294, 123, 47, 77, '2024-10-15 20:34:48'),
(973, 1295, 123, 46, 104, '2024-10-15 22:05:19'),
(974, 1296, 123, 58, 88, '2024-10-15 20:58:05'),
(975, 1297, 89, NULL, NULL, NULL),
(976, 1298, 131, NULL, NULL, NULL),
(977, 1299, 131, NULL, NULL, NULL),
(978, 1300, 131, NULL, NULL, NULL),
(979, 1301, 51, NULL, NULL, NULL),
(980, 1302, 51, NULL, NULL, NULL),
(981, 1303, 45, 14, 62, '2024-10-15 20:09:55'),
(982, 1304, 18, 57, 69, '2024-10-15 19:45:43'),
(983, 1305, 18, NULL, NULL, NULL),
(984, 1306, 18, 47, 77, '2024-10-15 20:35:43'),
(985, 1307, 18, NULL, NULL, NULL),
(986, 1308, 41, NULL, NULL, NULL),
(987, 1309, 41, NULL, NULL, NULL),
(988, 1310, 77, NULL, NULL, NULL),
(989, 1311, 77, NULL, NULL, NULL),
(990, 1312, 77, 59, 127, '2024-10-15 19:38:08'),
(991, 1313, 76, 54, 61, '2024-10-15 19:36:46'),
(992, 1314, 76, NULL, NULL, NULL),
(993, 1315, 76, NULL, NULL, NULL),
(994, 1316, 84, 46, 104, '2024-10-15 20:04:19'),
(995, 1317, 84, 47, 77, '2024-10-15 20:41:18'),
(996, 1318, 23, 58, 88, '2024-10-15 22:06:04'),
(997, 1319, 23, NULL, NULL, NULL),
(998, 1320, 23, 58, 88, '2024-10-15 19:27:56'),
(999, 1321, 81, 57, 69, '2024-10-15 21:14:41'),
(1000, 1322, 132, 54, 61, '2024-10-15 21:04:38'),
(1001, 1323, 132, NULL, NULL, NULL),
(1002, 1324, 132, NULL, NULL, NULL),
(1003, 1325, 69, NULL, NULL, NULL),
(1004, 1326, 63, 57, 69, '2024-10-15 20:45:11'),
(1005, 1327, 230, 53, 60, '2024-10-15 20:50:05'),
(1006, 1328, 230, NULL, NULL, NULL),
(1007, 1329, 41, 14, 62, '2024-10-15 21:22:53'),
(1008, 1330, 41, 53, 60, '2024-10-15 21:04:34'),
(1009, 1331, 219, NULL, NULL, NULL),
(1010, 1332, 219, NULL, NULL, NULL),
(1011, 1333, 219, NULL, NULL, NULL),
(1012, 1334, 103, 14, 62, '2024-10-15 22:10:22'),
(1013, 1334, 117, 14, 62, '2024-10-15 22:10:22'),
(1014, 1335, 130, NULL, NULL, NULL),
(1015, 1335, 131, NULL, NULL, NULL),
(1016, 1336, 126, 53, 60, '2024-10-15 22:48:28'),
(1017, 1336, 120, 53, 60, '2024-10-15 22:48:28'),
(1018, 1336, 124, 53, 60, '2024-10-15 22:48:28'),
(1019, 1336, 123, 53, 60, '2024-10-15 22:48:28'),
(1020, 1337, 68, NULL, NULL, NULL),
(1021, 1338, 230, NULL, NULL, NULL),
(1022, 1339, 230, NULL, NULL, NULL),
(1023, 1340, 230, NULL, NULL, NULL),
(1024, 1341, 132, NULL, NULL, NULL),
(1025, 1342, 132, NULL, NULL, NULL),
(1026, 1343, 132, NULL, NULL, NULL),
(1027, 1344, 132, 54, 61, '2024-10-15 23:46:12'),
(1028, 1345, 132, NULL, NULL, NULL),
(1029, 1346, 219, NULL, NULL, NULL),
(1030, 1347, 123, NULL, NULL, NULL),
(1031, 1348, 123, 47, 77, '2024-10-15 23:20:03'),
(1032, 1349, 118, 54, 35, '2024-10-16 00:03:54'),
(1033, 1350, 118, 52, 96, '2024-10-15 23:56:13'),
(1034, 1351, 120, NULL, NULL, NULL),
(1035, 1352, 124, 54, 35, '2024-10-16 00:24:12'),
(1036, 1353, 89, 47, 77, '2024-10-16 00:21:16'),
(1037, 1354, 89, 59, 127, '2024-10-16 00:43:12'),
(1038, 1355, 129, NULL, NULL, NULL),
(1039, 1356, 130, NULL, NULL, NULL),
(1040, 1357, 76, NULL, NULL, NULL),
(1041, 1358, 76, NULL, NULL, NULL),
(1042, 1359, 76, NULL, NULL, NULL),
(1043, 1360, 230, NULL, NULL, NULL),
(1044, 1361, 230, 14, 62, '2024-10-16 00:54:32'),
(1045, 1362, 131, NULL, NULL, NULL),
(1046, 1363, 124, 14, 62, '2024-10-16 00:13:13'),
(1047, 1364, 124, 58, 88, '2024-10-16 00:52:44'),
(1048, 1365, 124, NULL, NULL, NULL),
(1049, 1366, 219, NULL, NULL, NULL),
(1050, 1367, 95, 37, 43, '2024-10-16 08:38:13'),
(1051, 1368, 87, 29, 87, '2024-10-16 08:42:51'),
(1052, 1369, 154, 9, 42, '2024-10-16 08:49:50'),
(1053, 1370, 106, 35, 30, '2024-10-16 09:27:33'),
(1054, 1371, 151, 26, 12, '2024-10-16 08:44:18'),
(1055, 1372, 151, 26, 12, '2024-10-16 09:50:37'),
(1056, 1373, 151, 26, 12, '2024-10-16 09:13:32'),
(1057, 1374, 55, 33, 34, '2024-10-16 09:15:17'),
(1058, 1375, 55, 37, 43, '2024-10-16 09:12:02'),
(1059, 1376, 64, 43, 46, '2024-10-16 09:37:19'),
(1060, 1377, 223, 33, 34, '2024-10-16 09:00:55'),
(1061, 1378, 66, 33, 34, '2024-10-16 08:48:03'),
(1062, 1379, 30, 35, 30, '2024-10-16 09:07:56'),
(1063, 1380, 151, NULL, NULL, NULL),
(1064, 1381, 151, 37, 43, '2024-10-16 13:52:50'),
(1065, 1382, 33, NULL, NULL, NULL),
(1066, 1383, 47, 9, 42, '2024-10-16 09:35:11'),
(1068, 1385, 87, 33, 34, '2024-10-16 14:11:32'),
(1069, 1386, 55, 33, 34, '2024-10-16 09:29:58'),
(1070, 1387, 97, 37, 43, '2024-10-16 09:32:28'),
(1071, 1388, 101, NULL, NULL, NULL),
(1072, 1389, 111, 26, 12, '2024-10-16 09:27:51'),
(1073, 1390, 42, 9, 42, '2024-10-16 12:29:50'),
(1074, 1391, 106, 33, 34, '2024-10-16 12:13:49'),
(1075, 1392, 47, 21, 47, '2024-10-16 11:44:06'),
(1076, 1393, 225, 37, 43, '2024-10-16 11:44:21'),
(1077, 1394, 55, 33, 34, '2024-10-16 10:38:51'),
(1078, 1395, 55, 33, 34, '2024-10-16 10:29:37'),
(1079, 1396, 55, 37, 95, '2024-10-16 11:15:04'),
(1080, 1397, 38, NULL, NULL, NULL),
(1081, 1398, 38, NULL, NULL, NULL),
(1082, 1399, 38, 37, 43, '2024-10-16 10:35:15'),
(1083, 1400, 223, 33, 34, '2024-10-16 11:46:32'),
(1084, 1401, 223, 26, 12, '2024-10-16 11:16:08'),
(1085, 1402, 223, 32, 63, '2024-10-16 14:18:51'),
(1086, 1403, 109, NULL, NULL, NULL),
(1087, 1404, 225, 33, 34, '2024-10-16 10:43:19'),
(1088, 1405, 225, 33, 34, '2024-10-16 10:48:12'),
(1089, 1406, 225, 43, 46, '2024-10-16 11:08:53'),
(1090, 1407, 232, 33, 34, '2024-10-16 11:19:57'),
(1091, 1408, 109, 32, 63, '2024-10-16 14:25:47'),
(1092, 1408, 50, 35, 42, '2024-10-16 14:03:34'),
(1093, 1408, 106, 35, 42, '2024-10-16 14:04:07'),
(1094, 1408, 225, 35, 42, '2024-10-16 14:33:10'),
(1095, 1409, 94, 9, 42, '2024-10-16 12:03:53'),
(1096, 1410, 94, 9, 42, '2024-10-16 12:06:55'),
(1097, 1411, 94, 9, 42, '2024-10-16 12:15:14'),
(1098, 1412, 232, NULL, NULL, NULL),
(1099, 1413, 232, NULL, NULL, NULL),
(1100, 1414, 101, 29, 87, '2024-10-16 13:44:30'),
(1101, 1415, 55, 26, 11, '2024-10-16 14:11:15'),
(1102, 1416, 27, 37, 43, '2024-10-16 11:52:31'),
(1103, 1417, 151, 43, 46, '2024-10-16 11:45:12'),
(1104, 1418, 151, NULL, NULL, NULL),
(1105, 1419, 66, 33, 34, '2024-10-16 11:35:50'),
(1106, 1420, 151, 43, 46, '2024-10-16 11:49:43'),
(1107, 1421, 151, 43, 46, '2024-10-16 12:35:21'),
(1108, 1422, 151, NULL, NULL, NULL),
(1109, 1423, 38, 37, 43, '2024-10-16 12:14:30'),
(1110, 1424, 87, NULL, NULL, NULL),
(1111, 1425, 87, 29, 87, '2024-10-16 13:36:46'),
(1112, 1426, 151, 33, 34, '2024-10-16 11:56:34'),
(1113, 1427, 154, 43, 46, '2024-10-16 12:02:34'),
(1114, 1428, 55, 26, 11, '2024-10-16 13:38:23'),
(1115, 1429, 50, 37, 43, '2024-10-16 14:45:42'),
(1116, 1430, 66, 29, 87, '2024-10-16 13:36:17'),
(1124, 1432, 108, NULL, 11, '2024-10-16 15:03:58'),
(1125, 1433, 108, 63, 50, '2024-10-16 12:35:48'),
(1126, 1434, 108, 43, 46, '2024-10-16 12:29:57'),
(1127, 1435, 50, NULL, NULL, NULL),
(1128, 1436, 50, 37, 43, '2024-10-16 13:46:09'),
(1129, 1437, 111, 26, 12, '2024-10-16 13:27:51'),
(1130, 1438, 13, 22, 13, '2024-10-16 14:57:40'),
(1131, 1439, 13, 22, 13, '2024-10-16 14:44:23'),
(1132, 1441, 106, NULL, NULL, NULL),
(1133, 1442, 106, NULL, NULL, NULL),
(1134, 1443, 55, 21, 47, '2024-10-16 14:23:42'),
(1135, 1444, 55, 26, 11, '2024-10-16 13:58:36'),
(1136, 1445, 101, 43, 46, '2024-10-16 14:31:38'),
(1137, 1446, 101, 22, 13, '2024-10-16 15:03:53'),
(1138, 1447, 13, 22, 13, '2024-10-16 14:58:25'),
(1140, 1452, 13, 22, 13, '2024-10-16 14:44:47'),
(1141, 1453, 97, NULL, NULL, NULL),
(1142, 1454, 97, NULL, NULL, NULL),
(1143, 1455, 55, 57, 69, '2024-10-16 15:00:33'),
(1144, 1456, 38, NULL, NULL, NULL),
(1147, 1458, 111, 65, 31, '2024-10-16 14:22:32'),
(1148, 1459, 89, 37, 43, '2024-10-16 14:20:28'),
(1149, 1460, 89, NULL, NULL, NULL),
(1150, 1461, 20, NULL, NULL, NULL),
(1151, 1462, 77, NULL, NULL, NULL),
(1152, 1463, 81, NULL, 42, '2024-10-16 15:09:48'),
(1153, 1464, 77, NULL, NULL, NULL),
(1154, 1465, 219, NULL, NULL, NULL),
(1155, 1466, 82, 43, 46, '2024-10-16 14:47:20'),
(1156, 1467, 93, 37, 43, '2024-10-16 15:27:47'),
(1157, 1468, 91, 32, 63, '2024-10-16 15:15:15'),
(1158, 1469, 80, 70, 59, '2024-10-16 14:53:22'),
(1159, 1470, 59, NULL, NULL, NULL),
(1160, 1471, 60, 59, 29, '2024-10-16 14:48:25'),
(1161, 1472, 104, NULL, NULL, NULL),
(1162, 1473, 83, 59, 29, '2024-10-16 15:19:07'),
(1163, 1474, 77, NULL, 31, '2024-10-16 15:32:41'),
(1164, 1475, 90, NULL, NULL, NULL),
(1165, 1476, 130, 33, 34, '2024-10-16 15:42:02'),
(1166, 1482, 14, 22, 13, '2024-10-16 15:14:54'),
(1167, 1486, 89, NULL, NULL, NULL),
(1168, 1487, 81, NULL, 31, '2024-10-16 16:23:13'),
(1169, 1488, 89, 22, 13, '2024-10-16 15:42:32'),
(1170, 1489, 91, 57, 69, '2024-10-16 16:08:21'),
(1171, 1490, 55, 22, 13, '2024-10-16 16:03:16'),
(1172, 1491, 230, NULL, NULL, NULL),
(1173, 1492, 109, NULL, NULL, NULL),
(1174, 1493, 106, NULL, NULL, NULL),
(1175, 1494, 50, 57, 69, '2024-10-16 16:03:19'),
(1176, 1495, 77, 43, 64, '2024-10-16 15:49:16'),
(1177, 1496, 77, NULL, NULL, NULL),
(1178, 1497, 93, 37, 43, '2024-10-16 16:59:27'),
(1179, 1498, 93, 37, 43, '2024-10-16 16:36:59'),
(1180, 1499, 89, 71, 53, '2024-10-16 16:28:43'),
(1181, 1500, 106, 33, 34, '2024-10-16 16:08:26'),
(1182, 1501, 50, 29, 87, '2024-10-16 16:37:47'),
(1183, 1502, 82, NULL, NULL, NULL),
(1184, 1503, 84, 9, 42, '2024-10-16 16:07:26'),
(1186, 1505, 106, NULL, NULL, NULL),
(1187, 1506, 89, 71, 53, '2024-10-16 17:09:26'),
(1188, 1507, 84, NULL, NULL, NULL),
(1189, 1508, 14, 22, 13, '2024-10-16 16:34:26'),
(1190, 1509, 60, 33, 34, '2024-10-16 16:45:16'),
(1191, 1510, 60, 22, 13, '2024-10-16 16:48:05'),
(1192, 1511, 80, 33, 34, '2024-10-16 16:53:17'),
(1193, 1512, 80, 71, 53, '2024-10-16 19:36:09'),
(1194, 1513, 124, NULL, NULL, NULL),
(1195, 1514, 111, NULL, NULL, NULL),
(1196, 1515, 111, NULL, NULL, NULL),
(1197, 1516, 93, NULL, NULL, NULL),
(1198, 1517, 55, 22, 13, '2024-10-16 16:56:46'),
(1199, 1518, 230, 33, 34, '2024-10-16 17:01:36'),
(1200, 1519, 230, 33, 34, '2024-10-16 17:06:11'),
(1201, 1520, 108, 33, 34, '2024-10-16 17:09:48'),
(1202, 1521, 108, 9, 42, '2024-10-16 16:54:58'),
(1203, 1522, 109, 57, 45, '2024-10-16 17:10:19'),
(1204, 1523, 118, 71, 53, '2024-10-16 17:02:31'),
(1205, 1524, 60, 9, 42, '2024-10-16 17:10:39'),
(1207, 1526, 108, 71, 53, '2024-10-16 19:26:58'),
(1208, 1527, 130, NULL, NULL, NULL),
(1209, 1528, 131, 52, 96, '2024-10-16 19:18:51'),
(1210, 1529, 123, 73, 117, '2024-10-16 20:15:40'),
(1211, 1530, 120, NULL, NULL, NULL),
(1212, 1531, 66, 57, 69, '2024-10-16 19:24:11'),
(1213, 1532, 89, 57, 69, '2024-10-16 19:37:37'),
(1214, 1533, 64, NULL, NULL, NULL),
(1215, 1534, 132, NULL, NULL, NULL),
(1216, 1535, 108, 71, 53, '2024-10-16 19:21:17'),
(1217, 1536, 91, 70, 81, '2024-10-16 19:42:42'),
(1218, 1537, 124, 70, 80, '2024-10-16 19:19:29'),
(1219, 1538, 129, 71, 53, '2024-10-16 19:54:21'),
(1220, 1539, 93, 52, 96, '2024-10-16 20:13:16'),
(1221, 1540, 118, NULL, NULL, NULL),
(1222, 1541, 32, 70, 81, '2024-10-16 20:20:02'),
(1223, 1542, 81, NULL, NULL, NULL),
(1224, 1543, 82, NULL, NULL, NULL),
(1225, 1544, 49, NULL, NULL, NULL),
(1226, 1545, 219, 71, 53, '2024-10-16 19:33:34'),
(1227, 1546, 233, NULL, NULL, NULL),
(1228, 1547, 219, NULL, NULL, NULL),
(1229, 1548, 127, NULL, NULL, NULL),
(1230, 1549, 219, 33, 34, '2024-10-17 08:40:44'),
(1231, 1550, 63, 52, 96, '2024-10-16 19:08:18'),
(1232, 1551, 83, 35, 33, '2024-10-17 08:41:55'),
(1233, 1552, 63, 33, 34, '2024-10-17 11:40:49'),
(1234, 1553, 123, 33, 34, '2024-10-17 11:24:40'),
(1235, 1554, 77, 29, 87, '2024-10-17 08:32:26'),
(1236, 1555, 123, NULL, NULL, NULL),
(1237, 1556, 96, 35, 33, '2024-10-17 09:40:22'),
(1239, 1558, 59, 32, 31, '2024-10-17 09:12:50'),
(1240, 1559, 59, 33, 34, '2024-10-17 08:30:49'),
(1241, 1560, 59, NULL, NULL, NULL),
(1242, 1561, 18, 71, 53, '2024-10-16 20:52:46'),
(1243, 1562, 18, 53, 60, '2024-10-16 19:13:48'),
(1244, 1563, 18, NULL, NULL, NULL),
(1245, 1564, 90, NULL, NULL, NULL),
(1246, 1565, 90, 70, 81, '2024-10-16 19:45:50'),
(1247, 1566, 82, 60, 82, '2024-10-16 19:30:52'),
(1248, 1567, 14, 70, 81, '2024-10-16 19:56:23'),
(1249, 1568, 93, NULL, NULL, NULL),
(1250, 1569, 72, 73, 117, '2024-10-16 19:16:35'),
(1251, 1570, 127, NULL, NULL, NULL),
(1252, 1571, 84, NULL, NULL, NULL),
(1253, 1572, 88, NULL, NULL, NULL),
(1254, 1573, 88, NULL, NULL, NULL),
(1255, 1574, 88, NULL, NULL, NULL),
(1256, 1575, 49, 57, 69, '2024-10-16 20:10:03'),
(1257, 1576, 49, NULL, NULL, NULL),
(1258, 1577, 130, NULL, NULL, NULL),
(1259, 1578, 90, NULL, NULL, NULL),
(1260, 1579, 91, 73, 117, '2024-10-16 20:33:03'),
(1261, 1580, 81, NULL, NULL, NULL),
(1262, 1581, 93, NULL, NULL, NULL),
(1263, 1582, 32, 73, 117, '2024-10-16 20:00:10'),
(1264, 1583, 124, NULL, NULL, NULL),
(1265, 1584, 129, 73, 117, '2024-10-16 20:04:19'),
(1266, 1585, 220, NULL, NULL, NULL),
(1267, 1586, 60, NULL, NULL, NULL),
(1268, 1587, 60, 71, 53, '2024-10-16 20:00:35'),
(1269, 1588, 89, 46, 104, '2024-10-16 19:13:47'),
(1270, 1589, 131, NULL, NULL, NULL),
(1271, 1590, 219, 23, 28, '2024-10-17 09:46:11'),
(1272, 1591, 59, 52, 96, '2024-10-16 19:36:07'),
(1273, 1592, 127, NULL, NULL, NULL),
(1274, 1593, 127, NULL, NULL, NULL),
(1275, 1594, 124, NULL, NULL, NULL),
(1276, 1595, 124, NULL, NULL, NULL),
(1277, 1596, 81, 71, 53, '2024-10-16 19:39:25'),
(1278, 1597, 88, 73, 117, '2024-10-16 20:20:46'),
(1279, 1598, 117, NULL, NULL, NULL),
(1280, 1599, 89, 75, 64, '2024-10-17 11:31:23'),
(1281, 1600, 89, NULL, NULL, NULL),
(1282, 1601, 89, 71, 53, '2024-10-16 20:22:18'),
(1283, 1602, 90, NULL, NULL, NULL),
(1284, 1603, 90, NULL, NULL, NULL),
(1285, 1604, 90, NULL, NULL, NULL),
(1286, 1605, 119, 71, 53, '2024-10-16 20:40:23'),
(1287, 1606, 119, 23, 28, '2024-10-17 08:40:43'),
(1288, 1607, 119, NULL, NULL, NULL),
(1289, 1608, 18, 23, 28, '2024-10-17 09:02:28'),
(1290, 1609, 88, 37, 38, '2024-10-17 09:22:50'),
(1291, 1610, 60, 36, 57, '2024-10-17 08:20:45'),
(1292, 1611, 59, 22, 13, '2024-10-17 08:31:56'),
(1293, 1612, 59, 36, 57, '2024-10-17 09:31:48'),
(1294, 1613, 91, 27, 71, '2024-10-17 09:21:58'),
(1295, 1614, 117, 33, 34, '2024-10-17 09:06:55'),
(1296, 1615, 82, 9, 42, '2024-10-17 08:22:45'),
(1297, 1616, 82, 9, 42, '2024-10-17 08:18:26'),
(1298, 1617, 20, 37, 38, '2024-10-17 08:19:16'),
(1299, 1618, 131, 40, 50, '2024-10-17 08:16:38'),
(1300, 1619, 131, 35, 33, '2024-10-17 08:31:40'),
(1301, 1620, 53, 27, 153, '2024-10-17 09:22:45'),
(1302, 1621, 53, 27, 153, '2024-10-17 10:05:40'),
(1303, 1622, 53, 27, 153, '2024-10-17 10:47:06'),
(1304, 1623, 80, 27, 153, '2024-10-17 10:48:51'),
(1305, 1624, 80, 27, 153, '2024-10-17 10:47:18'),
(1306, 1625, 80, NULL, NULL, NULL),
(1307, 1626, 80, 42, 44, '2024-10-17 09:00:07'),
(1308, 1627, 69, NULL, NULL, NULL),
(1309, 1628, 45, 26, 12, '2024-10-17 08:48:02'),
(1310, 1629, 45, 26, 12, '2024-10-17 09:03:24'),
(1311, 1630, 45, 26, 12, '2024-10-17 09:13:27'),
(1312, 1631, 127, 9, 42, '2024-10-17 08:36:13'),
(1313, 1632, 63, 33, 34, '2024-10-17 09:23:52'),
(1314, 1633, 52, 35, 33, '2024-10-17 09:17:08'),
(1315, 1634, 104, NULL, NULL, NULL),
(1316, 1635, 104, NULL, NULL, NULL),
(1317, 1636, 104, 32, 31, '2024-10-17 09:12:10'),
(1318, 1637, 81, NULL, NULL, NULL),
(1319, 1637, 49, NULL, NULL, NULL),
(1320, 1638, 219, 32, 31, '2024-10-17 09:30:44'),
(1321, 1638, 82, 32, 31, '2024-10-17 10:06:28'),
(1322, 1639, 32, 21, 47, '2024-10-17 08:57:11'),
(1323, 1640, 89, 22, 13, '2024-10-17 08:59:20'),
(1324, 1641, 77, 42, 65, '2024-10-17 08:23:17'),
(1325, 1642, 117, 36, 57, '2024-10-17 08:48:48'),
(1326, 1643, 45, 22, 13, '2024-10-17 08:35:02'),
(1327, 1644, 55, 26, 153, '2024-10-17 09:28:40'),
(1328, 1645, 101, 32, 31, '2024-10-17 09:17:27'),
(1329, 1646, 49, 42, 44, '2024-10-17 09:15:38'),
(1330, 1647, 101, 32, 31, '2024-10-17 09:11:59'),
(1331, 1648, 151, 22, 13, '2024-10-17 08:44:00'),
(1332, 1649, 101, 42, 44, '2024-10-17 09:23:44'),
(1333, 1650, 101, NULL, NULL, NULL),
(1334, 1651, 154, 23, 28, '2024-10-17 09:08:11'),
(1335, 1652, 106, 18, 16, '2024-10-17 11:19:15'),
(1337, 1654, 74, 22, 13, '2024-10-17 09:36:51'),
(1338, 1654, 16, 22, 13, '2024-10-17 09:36:51'),
(1339, 1654, 153, 22, 13, '2024-10-17 09:37:58'),
(1340, 1654, 109, 22, 13, '2024-10-17 09:37:58'),
(1341, 1654, 223, 22, 13, '2024-10-17 09:37:58'),
(1342, 1654, 64, 22, 13, '2024-10-17 09:37:58'),
(1343, 1655, 105, 23, 28, '2024-10-17 10:24:15'),
(1344, 1656, 43, 75, 64, '2024-10-17 11:50:07'),
(1345, 1657, 151, NULL, NULL, NULL),
(1346, 1658, 37, 37, 38, '2024-10-17 09:41:31'),
(1347, 1659, 55, 26, 12, '2024-10-17 10:11:33'),
(1348, 1660, 11, NULL, NULL, NULL),
(1349, 1661, 111, 27, 153, '2024-10-17 09:46:28'),
(1350, 1662, 74, NULL, 42, '2024-10-17 09:42:04'),
(1351, 1663, 16, 42, 44, '2024-10-17 09:32:06'),
(1352, 1664, 16, 23, 28, '2024-10-17 09:48:53'),
(1353, 1665, 16, 35, 33, '2024-10-17 10:04:30'),
(1354, 1666, 16, 35, 33, '2024-10-17 09:55:58'),
(1355, 1667, 109, 37, 38, '2024-10-17 11:11:45'),
(1356, 1668, 47, 33, 34, '2024-10-17 10:20:39'),
(1357, 1669, 47, NULL, 42, '2024-10-17 10:02:01'),
(1358, 1670, 102, 42, 44, '2024-10-17 09:51:55');
INSERT INTO `pedidos_d_r_e` (`id`, `id_pedido`, `id_despachador`, `id_rechequeador`, `id_embalador`, `fecha_rechequeado`) VALUES
(1359, 1671, 102, 42, 44, '2024-10-17 09:43:51'),
(1360, 1672, 102, 42, 44, '2024-10-17 09:37:53'),
(1361, 1673, 50, 33, 34, '2024-10-17 10:01:22'),
(1362, 1674, 50, 37, 38, '2024-10-17 10:26:20'),
(1366, 1678, 223, 22, 13, '2024-10-17 11:21:04'),
(1367, 1679, 101, NULL, NULL, NULL),
(1368, 1680, 154, 42, 44, '2024-10-17 11:41:11'),
(1369, 1681, 154, 23, 32, '2024-10-17 14:35:49'),
(1370, 1682, 65, NULL, NULL, NULL),
(1371, 1683, 74, NULL, NULL, NULL),
(1372, 1684, 107, 36, 57, '2024-10-17 11:26:41'),
(1373, 1685, 74, 18, 12, '2024-10-17 13:57:01'),
(1374, 1686, 58, 23, 28, '2024-10-17 12:00:00'),
(1375, 1687, 44, 75, 64, '2024-10-17 15:17:42'),
(1376, 1688, 50, 40, 50, '2024-10-17 14:19:47'),
(1377, 1689, 64, NULL, NULL, NULL),
(1378, 1690, 111, NULL, NULL, NULL),
(1379, 1691, 65, 35, 42, '2024-10-17 11:16:01'),
(1380, 1692, 65, 42, 44, '2024-10-17 11:57:23'),
(1381, 1693, 87, 29, 87, '2024-10-17 13:45:42'),
(1382, 1694, 87, NULL, NULL, NULL),
(1383, 1695, 66, 32, 31, '2024-10-17 13:58:10'),
(1384, 1696, 55, NULL, NULL, NULL),
(1385, 1697, 134, 35, 42, '2024-10-17 11:13:42'),
(1386, 1698, 55, 35, 42, '2024-10-17 11:17:19'),
(1387, 1699, 223, 22, 13, '2024-10-17 13:58:11'),
(1388, 1700, 87, NULL, NULL, NULL),
(1389, 1701, 225, NULL, NULL, NULL),
(1390, 1702, 154, NULL, NULL, NULL),
(1391, 1703, 94, NULL, NULL, NULL),
(1392, 1704, 74, 36, 57, '2024-10-17 11:49:53'),
(1393, 1705, 97, 18, 12, '2024-10-17 14:46:59'),
(1394, 1706, 47, NULL, NULL, NULL),
(1395, 1707, 47, NULL, NULL, NULL),
(1396, 1708, 106, 35, 33, '2024-10-17 11:43:19'),
(1397, 1709, 55, 26, 12, '2024-10-17 13:13:52'),
(1398, 1710, 55, 33, 34, '2024-10-17 11:55:47'),
(1399, 1711, 55, 9, 42, '2024-10-17 11:56:02'),
(1400, 1712, 47, NULL, NULL, NULL),
(1401, 1713, 87, NULL, NULL, NULL),
(1402, 1714, 44, NULL, NULL, NULL),
(1403, 1715, 16, NULL, NULL, NULL),
(1404, 1716, 109, 9, 42, '2024-10-17 12:00:43'),
(1405, 1717, 16, 42, 44, '2024-10-17 14:08:44'),
(1406, 1718, 55, 23, 28, '2024-10-17 13:48:37'),
(1407, 1719, 27, 43, 64, '2024-10-17 12:45:26'),
(1408, 1720, 101, 35, 33, '2024-10-17 14:04:19'),
(1409, 1721, 70, 40, 50, '2024-10-17 12:37:19'),
(1410, 1722, 78, 33, 34, '2024-10-17 12:23:48'),
(1411, 1723, 55, 33, 34, '2024-10-17 12:07:36'),
(1412, 1724, 55, 26, 12, '2024-10-17 13:28:24'),
(1413, 1725, 223, 9, 42, '2024-10-17 12:15:57'),
(1414, 1726, 74, NULL, 57, '2024-10-17 12:32:44'),
(1415, 1727, 151, 33, 34, '2024-10-17 16:15:49'),
(1416, 1728, 16, 35, 33, '2024-10-17 12:16:16'),
(1418, 1730, 109, 9, 42, '2024-10-17 14:39:54'),
(1419, 1731, 70, 40, 50, '2024-10-17 12:23:59'),
(1420, 1732, 154, NULL, 44, '2024-10-17 12:29:32'),
(1421, 1733, 37, NULL, NULL, NULL),
(1422, 1734, 153, NULL, NULL, NULL),
(1423, 1735, 78, 9, 42, '2024-10-17 12:36:35'),
(1424, 1736, 74, 23, 32, '2024-10-17 14:43:13'),
(1425, 1737, 16, 18, 12, '2024-10-17 15:32:23'),
(1426, 1738, 74, 18, 12, '2024-10-17 14:07:58'),
(1427, 1739, 50, 9, 42, '2024-10-17 12:50:19'),
(1429, 1741, 106, 27, 153, '2024-10-17 14:22:15'),
(1430, 1742, 55, NULL, NULL, NULL),
(1431, 1743, 55, NULL, NULL, NULL),
(1432, 1744, 102, NULL, NULL, NULL),
(1433, 1745, 223, 33, 34, '2024-10-17 13:58:01'),
(1434, 1746, 101, 32, 31, '2024-10-17 13:58:28'),
(1435, 1747, 55, 22, 13, '2024-10-17 14:14:10'),
(1436, 1748, 74, 35, 33, '2024-10-17 14:02:16'),
(1437, 1749, 74, 33, 34, '2024-10-17 13:38:40'),
(1438, 1750, 38, 37, 43, '2024-10-17 14:30:57'),
(1439, 1751, 38, 75, 64, '2024-10-17 14:56:50'),
(1440, 1752, 30, 35, 33, '2024-10-17 14:12:35'),
(1441, 1753, 30, 35, 33, '2024-10-17 14:20:41'),
(1442, 1754, 106, NULL, NULL, NULL),
(1443, 1755, 74, 35, 33, '2024-10-17 14:17:00'),
(1444, 1756, 74, 35, 33, '2024-10-17 14:26:35'),
(1445, 1757, 154, 42, 44, '2024-10-17 15:16:01'),
(1446, 1758, 55, 37, 43, '2024-10-17 14:06:53'),
(1447, 1759, 38, 75, 64, '2024-10-17 14:39:23'),
(1448, 1760, 101, 37, 43, '2024-10-17 16:03:46'),
(1449, 1761, 223, 22, 13, '2024-10-17 14:32:06'),
(1450, 1762, 223, NULL, NULL, NULL),
(1451, 1763, 20, 32, 31, '2024-10-17 14:31:59'),
(1452, 1764, 20, 29, 87, '2024-10-17 14:35:41'),
(1457, 1766, 37, NULL, NULL, NULL),
(1458, 1766, 47, 21, 47, '2024-10-17 15:43:06'),
(1459, 1766, 16, 21, 47, '2024-10-17 14:43:35'),
(1460, 1766, 106, 21, 47, '2024-10-17 15:43:06'),
(1461, 1767, 102, 27, 71, '2024-10-17 14:35:42'),
(1462, 1768, 55, 22, 13, '2024-10-17 14:26:35'),
(1463, 1769, 55, NULL, NULL, NULL),
(1464, 1770, 75, 36, 57, '2024-10-17 14:59:42'),
(1465, 1771, 75, 36, 57, '2024-10-17 14:31:18'),
(1466, 1772, 45, 35, 33, '2024-10-17 14:37:25'),
(1467, 1773, 45, 35, 33, '2024-10-17 14:56:18'),
(1468, 1774, 219, 22, 13, '2024-10-17 15:03:28'),
(1469, 1775, 219, 33, 34, '2024-10-17 15:07:25'),
(1470, 1776, 40, 52, 53, '2024-10-17 14:59:03'),
(1471, 1777, 111, 35, 33, '2024-10-17 15:14:30'),
(1472, 1778, 111, 32, 31, '2024-10-17 14:51:46'),
(1473, 1779, 89, 29, 87, '2024-10-17 14:43:05'),
(1474, 1780, 89, 40, 50, '2024-10-17 16:35:43'),
(1477, 1783, 59, 29, 87, '2024-10-17 14:50:41'),
(1478, 1784, 68, NULL, NULL, NULL),
(1479, 1785, 132, 22, 13, '2024-10-17 14:40:09'),
(1480, 1786, 132, 22, 13, '2024-10-17 14:45:27'),
(1481, 1787, 20, 22, 13, '2024-10-17 15:08:11'),
(1482, 1787, 82, 22, 13, '2024-10-17 17:06:42'),
(1483, 1787, 105, 22, 13, '2024-10-17 17:06:54'),
(1484, 1787, 61, 22, 13, '2024-10-17 17:06:42'),
(1485, 1788, 84, 75, 64, '2024-10-17 14:39:48'),
(1486, 1789, 124, 42, 44, '2024-10-17 15:03:15'),
(1487, 1790, 124, NULL, NULL, NULL),
(1488, 1791, 123, 35, 33, '2024-10-17 15:23:22'),
(1489, 1792, 93, NULL, NULL, NULL),
(1490, 1793, 123, 51, 29, '2024-10-17 20:34:43'),
(1491, 1794, 93, NULL, NULL, NULL),
(1492, 1795, 39, 33, 34, '2024-10-17 14:55:33'),
(1493, 1796, 80, 33, 34, '2024-10-17 15:50:07'),
(1494, 1797, 39, NULL, NULL, NULL),
(1495, 1798, 80, 33, 34, '2024-10-17 14:41:36'),
(1496, 1799, 45, 35, 33, '2024-10-17 15:04:37'),
(1497, 1800, 18, 22, 13, '2024-10-17 14:52:50'),
(1498, 1801, 45, NULL, NULL, NULL),
(1499, 1802, 18, 65, 71, '2024-10-17 16:49:12'),
(1500, 1803, 45, NULL, NULL, NULL),
(1501, 1804, 28, 23, 32, '2024-10-17 15:25:24'),
(1502, 1805, 69, 32, 31, '2024-10-17 16:59:45'),
(1503, 1806, 28, 23, 32, '2024-10-17 15:13:29'),
(1504, 1807, 230, 37, 43, '2024-10-17 15:09:06'),
(1505, 1808, 91, NULL, 53, '2024-10-17 15:20:42'),
(1506, 1809, 90, 35, 33, '2024-10-17 15:33:24'),
(1507, 1810, 74, 35, 33, '2024-10-17 14:43:09'),
(1508, 1811, 90, 23, 32, '2024-10-17 15:58:50'),
(1509, 1812, 63, NULL, NULL, NULL),
(1510, 1813, 62, 29, 87, '2024-10-17 15:23:54'),
(1511, 1814, 83, 37, 43, '2024-10-17 15:08:52'),
(1512, 1815, 131, 9, 42, '2024-10-17 15:31:38'),
(1513, 1816, 77, 18, 12, '2024-10-17 16:00:31'),
(1514, 1817, 88, 65, 71, '2024-10-17 15:52:05'),
(1515, 1818, 89, 51, 62, '2024-10-17 16:27:57'),
(1516, 1819, 93, 75, 64, '2024-10-17 15:08:09'),
(1517, 1820, 93, 37, 43, '2024-10-17 15:39:28'),
(1518, 1821, 230, 57, 84, '2024-10-17 15:43:56'),
(1519, 1822, 123, NULL, NULL, NULL),
(1520, 1823, 20, 18, 12, '2024-10-17 16:24:33'),
(1521, 1824, 91, NULL, 53, '2024-10-17 15:39:18'),
(1522, 1825, 16, 35, 33, '2024-10-17 15:12:16'),
(1523, 1826, 16, 42, 44, '2024-10-17 16:28:18'),
(1524, 1827, 219, 65, 71, '2024-10-17 15:24:48'),
(1525, 1828, 219, NULL, NULL, NULL),
(1526, 1829, 219, NULL, NULL, NULL),
(1527, 1830, 84, 57, 84, '2024-10-17 15:29:02'),
(1528, 1831, 104, 35, 33, '2024-10-17 16:55:01'),
(1529, 1832, 129, NULL, 53, '2024-10-17 15:45:53'),
(1530, 1833, 130, NULL, NULL, NULL),
(1531, 1834, 40, 70, 80, '2024-10-17 17:06:13'),
(1532, 1835, 28, 23, 32, '2024-10-17 15:26:09'),
(1533, 1836, 28, NULL, NULL, NULL),
(1534, 1837, 154, 75, 64, '2024-10-17 15:33:43'),
(1535, 1838, 102, 23, 58, '2024-10-17 16:19:09'),
(1536, 1839, 18, 29, 87, '2024-10-17 16:06:28'),
(1537, 1840, 59, 75, 64, '2024-10-17 16:03:08'),
(1538, 1841, 89, 29, 87, '2024-10-17 15:41:02'),
(1539, 1842, 122, NULL, 57, '2024-10-17 15:24:50'),
(1540, 1843, 83, 70, 80, '2024-10-17 15:57:18'),
(1541, 1844, 77, NULL, NULL, NULL),
(1542, 1845, 118, 33, 34, '2024-10-17 15:24:18'),
(1543, 1846, 14, 33, 34, '2024-10-17 15:35:58'),
(1544, 1847, 76, 70, 80, '2024-10-17 15:49:51'),
(1545, 1848, 41, 23, 32, '2024-10-17 15:38:16'),
(1546, 1849, 83, NULL, NULL, NULL),
(1547, 1850, 52, 51, 35, '2024-10-17 15:30:28'),
(1550, 1852, 39, 33, 34, '2024-10-17 16:02:28'),
(1551, 1853, 219, NULL, NULL, NULL),
(1552, 1854, 76, NULL, NULL, NULL),
(1553, 1855, 90, 75, 64, '2024-10-17 16:26:29'),
(1554, 1856, 91, 57, 84, '2024-10-17 16:13:33'),
(1555, 1857, 60, 33, 34, '2024-10-17 15:54:12'),
(1556, 1858, 132, NULL, NULL, NULL),
(1557, 1858, 16, NULL, NULL, NULL),
(1558, 1859, 154, 75, 64, '2024-10-17 15:58:25'),
(1559, 1860, 28, NULL, NULL, NULL),
(1560, 1861, 130, NULL, NULL, NULL),
(1561, 1862, 106, 23, 32, '2024-10-17 17:13:11'),
(1562, 1863, 129, 40, 50, '2024-10-17 16:56:54'),
(1563, 1864, 83, NULL, NULL, NULL),
(1564, 1865, 118, 33, 34, '2024-10-17 16:52:13'),
(1565, 1866, 131, 37, 43, '2024-10-17 16:23:29'),
(1566, 1867, 230, NULL, NULL, NULL),
(1567, 1867, 96, NULL, NULL, NULL),
(1568, 1868, 41, NULL, NULL, NULL),
(1569, 1869, 154, 40, 50, '2024-10-17 16:35:55'),
(1570, 1870, 28, 57, 84, '2024-10-17 16:20:19'),
(1571, 1871, 93, 47, 77, '2024-10-17 20:29:11'),
(1572, 1872, 93, 37, 43, '2024-10-17 16:37:02'),
(1573, 1873, 124, NULL, NULL, NULL),
(1574, 1874, 123, 15, 41, '2024-10-17 21:11:19'),
(1575, 1875, 130, NULL, NULL, NULL),
(1576, 1876, 55, 18, 12, '2024-10-17 16:43:48'),
(1577, 1877, 74, 42, 44, '2024-10-17 16:49:19'),
(1578, 1878, 76, 37, 43, '2024-10-17 16:46:59'),
(1579, 1879, 88, 14, 62, '2024-10-17 17:46:24'),
(1580, 1880, 17, NULL, NULL, NULL),
(1581, 1881, 17, 53, 32, '2024-10-17 17:34:53'),
(1582, 1882, 49, 29, 87, '2024-10-17 17:06:11'),
(1583, 1883, 72, 15, 41, '2024-10-17 22:39:17'),
(1584, 1884, 91, 23, 32, '2024-10-17 16:41:50'),
(1585, 1885, 90, NULL, NULL, NULL),
(1586, 1886, 48, 27, 71, '2024-10-17 17:12:01'),
(1587, 1887, 18, NULL, NULL, NULL),
(1588, 1888, 59, 9, 42, '2024-10-17 16:48:23'),
(1589, 1889, 93, 21, 47, '2024-10-17 16:57:20'),
(1590, 1890, 93, 75, 64, '2024-10-17 16:37:32'),
(1591, 1891, 18, 27, 71, '2024-10-17 17:04:33'),
(1592, 1892, 219, 47, 77, '2024-10-17 20:23:19'),
(1593, 1893, 219, NULL, NULL, NULL),
(1594, 1894, 14, 33, 34, '2024-10-17 17:08:51'),
(1595, 1895, 14, NULL, NULL, NULL),
(1596, 1896, 109, 9, 42, '2024-10-17 16:55:09'),
(1597, 1897, 52, NULL, NULL, NULL),
(1598, 1898, 83, 37, 43, '2024-10-17 17:08:26'),
(1599, 1899, 91, NULL, NULL, NULL),
(1600, 1900, 104, NULL, NULL, NULL),
(1601, 1901, 57, 33, 34, '2024-10-17 16:39:18'),
(1602, 1902, 41, 23, 32, '2024-10-17 17:05:49'),
(1603, 1903, 41, 54, 61, '2024-10-17 20:44:38'),
(1604, 1904, 83, NULL, NULL, NULL),
(1605, 1905, 83, 37, 43, '2024-10-17 17:08:03'),
(1606, 1906, 60, 33, 34, '2024-10-17 16:45:52'),
(1607, 1907, 60, 33, 34, '2024-10-17 17:02:29'),
(1608, 1908, 77, NULL, NULL, NULL),
(1609, 1909, 55, 35, 33, '2024-10-17 17:01:01'),
(1610, 1910, 118, 71, 53, '2024-10-17 22:38:12'),
(1611, 1911, 83, 71, 53, '2024-10-17 20:03:55'),
(1612, 1912, 83, 70, 127, '2024-10-17 20:54:59'),
(1613, 1913, 56, 15, 41, '2024-10-17 20:42:32'),
(1614, 1914, 56, NULL, NULL, NULL),
(1615, 1915, 39, 57, 84, '2024-10-17 17:01:28'),
(1616, 1916, 39, NULL, NULL, NULL),
(1617, 1917, 39, NULL, NULL, NULL),
(1618, 1918, 39, NULL, NULL, NULL),
(1619, 1919, 72, 29, 87, '2024-10-17 16:55:38'),
(1620, 1920, 72, 59, 219, '2024-10-17 23:39:29'),
(1621, 1921, 72, 51, 118, '2024-10-17 20:38:55'),
(1622, 1922, 127, NULL, NULL, NULL),
(1623, 1923, 132, 32, 31, '2024-10-17 17:00:01'),
(1624, 1924, 127, 57, 69, '2024-10-17 20:29:17'),
(1625, 1925, 132, 57, 69, '2024-10-17 23:19:22'),
(1626, 1926, 127, 57, 84, '2024-10-17 17:11:13'),
(1627, 1927, 93, NULL, NULL, NULL),
(1628, 1928, 93, NULL, NULL, NULL),
(1629, 1929, 93, 70, 80, '2024-10-17 17:29:39'),
(1630, 1930, 131, NULL, NULL, NULL),
(1631, 1931, 93, NULL, NULL, NULL),
(1632, 1932, 131, NULL, NULL, NULL),
(1633, 1933, 81, 59, 219, '2024-10-17 23:11:31'),
(1634, 1934, 81, NULL, NULL, NULL),
(1635, 1935, 74, 40, 50, '2024-10-17 17:05:53'),
(1636, 1936, 76, 9, 42, '2024-10-17 17:06:22'),
(1637, 1937, 74, 42, 44, '2024-10-17 17:10:58'),
(1639, 1939, 16, 40, 50, '2024-10-17 17:17:07'),
(1640, 1940, 16, 70, 14, '2024-10-17 19:09:25'),
(1641, 1941, 76, 58, 88, '2024-10-17 20:23:16'),
(1642, 1942, 124, 75, 64, '2024-10-17 17:06:46'),
(1643, 1943, 52, 71, 53, '2024-10-17 17:48:16'),
(1644, 1944, 52, NULL, NULL, NULL),
(1645, 1945, 40, NULL, NULL, NULL),
(1646, 1946, 69, NULL, NULL, NULL),
(1647, 1947, 52, NULL, NULL, NULL),
(1648, 1948, 92, 75, 64, '2024-10-17 17:00:18'),
(1649, 1949, 154, NULL, NULL, NULL),
(1650, 1950, 154, 75, 64, '2024-10-17 17:11:11'),
(1651, 1951, 28, NULL, 96, '2024-10-17 20:39:53'),
(1652, 1952, 219, 54, 61, '2024-10-17 23:32:37'),
(1653, 1953, 223, NULL, NULL, NULL),
(1654, 1954, 82, NULL, NULL, NULL),
(1655, 1955, 103, 54, 61, '2024-10-17 23:24:41'),
(1656, 1956, 82, NULL, NULL, NULL),
(1657, 1957, 96, 15, 41, '2024-10-17 23:24:41'),
(1658, 1958, 82, NULL, NULL, NULL),
(1659, 1959, 68, NULL, NULL, NULL),
(1660, 1960, 82, NULL, NULL, NULL),
(1661, 1961, 41, 70, 127, '2024-10-17 23:28:26'),
(1662, 1962, 82, NULL, NULL, NULL),
(1663, 1963, 17, NULL, NULL, NULL),
(1664, 1964, 104, NULL, NULL, NULL),
(1665, 1965, 74, 51, 118, '2024-10-17 22:57:01'),
(1666, 1966, 104, NULL, NULL, NULL),
(1667, 1967, 51, 57, 84, '2024-10-17 17:42:50'),
(1668, 1968, 104, 54, 61, '2024-10-17 23:01:14'),
(1669, 1969, 106, NULL, NULL, NULL),
(1670, 1970, 90, 58, 88, '2024-10-17 22:42:50'),
(1671, 1971, 109, 51, 118, '2024-10-17 20:56:49'),
(1672, 1972, 91, 57, 84, '2024-10-17 17:16:33'),
(1673, 1973, 55, NULL, 96, '2024-10-17 20:19:29'),
(1674, 1974, 91, NULL, 96, '2024-10-17 23:09:43'),
(1675, 1975, 129, NULL, 96, '2024-10-17 23:37:23'),
(1676, 1976, 151, NULL, NULL, NULL),
(1677, 1977, 102, NULL, NULL, NULL),
(1678, 1978, 60, NULL, NULL, NULL),
(1679, 1979, 77, NULL, NULL, NULL),
(1680, 1980, 61, NULL, NULL, NULL),
(1681, 1981, 75, NULL, NULL, NULL),
(1682, 1982, 131, NULL, 96, '2024-10-17 23:05:03'),
(1683, 1983, 57, 15, 41, '2024-10-17 23:05:56'),
(1684, 1984, 48, NULL, NULL, NULL),
(1685, 1985, 59, NULL, NULL, NULL),
(1686, 1986, 92, 40, 50, '2024-10-17 17:14:17'),
(1687, 1987, 55, 59, 219, '2024-10-17 21:11:57'),
(1688, 1988, 18, 47, 77, '2024-10-18 00:13:28'),
(1689, 1989, 82, NULL, NULL, NULL),
(1690, 1990, 75, NULL, NULL, NULL),
(1691, 1991, 82, 57, 69, '2024-10-17 20:40:26'),
(1692, 1992, 88, 54, 61, '2024-10-17 22:41:17'),
(1693, 1993, 82, NULL, NULL, NULL),
(1694, 1994, 88, 14, 62, '2024-10-17 21:26:01'),
(1695, 1995, 115, 40, 50, '2024-10-17 17:09:05'),
(1696, 1996, 49, NULL, NULL, NULL),
(1697, 1997, 49, NULL, NULL, NULL),
(1698, 1998, 37, 57, 84, '2024-10-17 17:20:05'),
(1699, 1999, 123, 59, 219, '2024-10-17 23:44:15'),
(1700, 2000, 20, NULL, NULL, NULL),
(1701, 2001, 14, 59, 219, '2024-10-17 20:23:04'),
(1702, 2002, 14, 54, 61, '2024-10-17 22:20:44'),
(1703, 2003, 62, NULL, NULL, NULL),
(1704, 2004, 124, NULL, NULL, NULL),
(1705, 2005, 115, 54, 61, '2024-10-17 21:37:18'),
(1706, 2006, 124, NULL, NULL, NULL),
(1707, 2007, 151, NULL, NULL, NULL),
(1708, 2008, 59, NULL, 96, '2024-10-17 19:08:01'),
(1709, 2009, 69, 46, 104, '2024-10-17 20:48:36'),
(1710, 2010, 129, 14, 62, '2024-10-17 22:41:59'),
(1711, 2011, 129, 54, 61, '2024-10-17 21:13:46'),
(1712, 2012, 39, 14, 62, '2024-10-17 22:50:39'),
(1713, 2013, 16, NULL, NULL, NULL),
(1714, 2014, 115, 57, 69, '2024-10-17 23:58:53'),
(1715, 2015, 20, 58, 88, '2024-10-17 21:09:59'),
(1716, 2016, 59, 47, 77, '2024-10-17 20:19:27'),
(1717, 2017, 219, NULL, NULL, NULL),
(1718, 2018, 103, 57, 69, '2024-10-17 22:35:33'),
(1719, 2019, 77, 58, 88, '2024-10-17 20:39:31'),
(1720, 2020, 56, NULL, 96, '2024-10-17 23:39:04'),
(1721, 2021, 61, 54, 61, '2024-10-17 23:44:02'),
(1722, 2022, 72, NULL, NULL, NULL),
(1723, 2023, 59, 47, 77, '2024-10-17 20:19:36'),
(1724, 2024, 17, 14, 62, '2024-10-17 20:41:02'),
(1725, 2025, 124, 22, 13, '2024-10-18 08:45:06'),
(1726, 2025, 132, 22, 13, '2024-10-18 08:45:06'),
(1727, 2025, 131, 22, 13, '2024-10-18 08:45:06'),
(1728, 2025, 219, 22, 13, '2024-10-18 08:45:06'),
(1729, 2026, 77, NULL, 96, '2024-10-17 20:24:13'),
(1730, 2027, 93, 57, 69, '2024-10-17 22:43:08'),
(1731, 2027, 91, 57, 69, '2024-10-17 22:57:42'),
(1732, 2028, 41, 57, 84, '2024-10-17 17:38:56'),
(1733, 2029, 129, NULL, NULL, NULL),
(1734, 2030, 41, 15, 41, '2024-10-17 21:00:57'),
(1735, 2031, 129, NULL, NULL, NULL),
(1736, 2032, 81, 47, 77, '2024-10-17 20:35:49'),
(1737, 2033, 230, 15, 41, '2024-10-17 20:53:36'),
(1738, 2034, 83, NULL, NULL, NULL),
(1739, 2034, 104, NULL, NULL, NULL),
(1740, 2034, 49, NULL, NULL, NULL),
(1741, 2034, 103, NULL, NULL, NULL),
(1742, 2035, 118, NULL, NULL, NULL),
(1743, 2035, 60, NULL, NULL, NULL),
(1744, 2035, 90, NULL, NULL, NULL),
(1745, 2036, 130, NULL, NULL, NULL),
(1746, 2036, 230, NULL, NULL, NULL),
(1747, 2037, 56, 57, 69, '2024-10-17 20:14:53'),
(1748, 2038, 81, NULL, NULL, NULL),
(1749, 2039, 81, 46, 104, '2024-10-17 20:17:18'),
(1750, 2040, 81, 57, 69, '2024-10-17 20:23:40'),
(1751, 2041, 69, 57, 69, '2024-10-17 21:05:05'),
(1752, 2042, 69, 54, 61, '2024-10-17 21:00:03'),
(1753, 2043, 76, 58, 88, '2024-10-17 20:54:15'),
(1754, 2044, 76, 57, 69, '2024-10-17 21:20:57'),
(1755, 2045, 39, 58, 88, '2024-10-17 23:29:01'),
(1756, 2046, 39, NULL, NULL, NULL),
(1757, 2047, 122, NULL, NULL, NULL),
(1758, 2048, 82, NULL, NULL, NULL),
(1759, 2049, 123, 70, 127, '2024-10-17 21:17:08'),
(1760, 2050, 126, 59, 219, '2024-10-17 21:15:11'),
(1761, 2051, 126, NULL, NULL, NULL),
(1762, 2052, 126, 58, 88, '2024-10-17 21:26:47'),
(1763, 2053, 126, 59, 219, '2024-10-17 21:26:47'),
(1764, 2054, 93, 14, 62, '2024-10-17 19:46:16'),
(1765, 2055, 59, NULL, NULL, NULL),
(1766, 2056, 127, NULL, NULL, NULL),
(1767, 2056, 120, NULL, NULL, NULL),
(1768, 2056, 88, NULL, NULL, NULL),
(1769, 2056, 61, NULL, NULL, NULL),
(1770, 2057, 52, 14, 62, '2024-10-17 19:58:26'),
(1771, 2058, 52, NULL, NULL, NULL),
(1772, 2059, 129, 60, 14, '2024-10-17 20:56:00'),
(1773, 2060, 129, NULL, NULL, NULL),
(1774, 2061, 92, 46, 104, '2024-10-17 20:24:42'),
(1775, 2062, 51, 46, 104, '2024-10-17 21:02:29'),
(1776, 2063, 20, NULL, NULL, NULL),
(1777, 2064, 20, NULL, NULL, NULL),
(1778, 2065, 20, 15, 41, '2024-10-17 20:40:50'),
(1779, 2066, 40, 14, 62, '2024-10-17 19:36:59'),
(1780, 2066, 119, 14, 62, '2024-10-17 20:11:43'),
(1781, 2067, 63, 46, 104, '2024-10-17 22:57:00'),
(1782, 2068, 84, NULL, NULL, NULL),
(1783, 2069, 84, 70, 127, '2024-10-17 21:24:09'),
(1784, 2070, 84, 54, 61, '2024-10-17 23:12:33'),
(1785, 2071, 132, 51, 118, '2024-10-17 21:37:26'),
(1786, 2072, 18, 14, 62, '2024-10-17 23:07:26'),
(1787, 2073, 124, 47, 77, '2024-10-17 21:28:21'),
(1788, 2074, 60, 57, 69, '2024-10-17 21:38:02'),
(1789, 2075, 60, NULL, NULL, NULL),
(1790, 2076, 60, NULL, NULL, NULL),
(1791, 2077, 219, 70, 127, '2024-10-17 22:40:32'),
(1792, 2078, 219, NULL, NULL, NULL),
(1793, 2079, 80, 71, 53, '2024-10-17 20:19:41'),
(1794, 2079, 104, 71, 53, '2024-10-17 20:41:07'),
(1795, 2079, 72, 71, 53, '2024-10-17 20:41:07'),
(1796, 2079, 62, 71, 53, '2024-10-17 20:41:07'),
(1797, 2079, 45, 71, 53, '2024-10-17 20:41:07'),
(1798, 2080, 56, NULL, NULL, NULL),
(1799, 2081, 77, NULL, NULL, NULL),
(1800, 2082, 77, NULL, NULL, NULL),
(1801, 2083, 77, 59, 219, '2024-10-17 20:24:37'),
(1802, 2084, 77, NULL, NULL, NULL),
(1803, 2085, 77, NULL, NULL, NULL),
(1804, 2086, 77, NULL, NULL, NULL),
(1805, 2087, 93, 71, 53, '2024-10-17 22:45:27'),
(1806, 2088, 83, 57, 69, '2024-10-17 22:26:46'),
(1807, 2089, 83, 58, 88, '2024-10-17 22:30:53'),
(1808, 2090, 83, NULL, 96, '2024-10-17 22:43:22'),
(1809, 2091, 118, 15, 41, '2024-10-17 21:38:46'),
(1810, 2092, 14, 59, 219, '2024-10-17 22:40:19'),
(1811, 2093, 39, NULL, NULL, NULL),
(1812, 2094, 117, 59, 219, '2024-10-17 21:35:47'),
(1813, 2095, 53, 51, 118, '2024-10-17 21:17:17'),
(1814, 2096, 49, 15, 41, '2024-10-17 21:28:21'),
(1815, 2097, 20, 15, 41, '2024-10-17 22:30:25'),
(1816, 2098, 17, NULL, NULL, NULL),
(1817, 2098, 35, NULL, NULL, NULL),
(1818, 2098, 68, NULL, NULL, NULL),
(1819, 2099, 29, 54, 61, '2024-10-17 22:48:53'),
(1820, 2100, 29, NULL, NULL, NULL),
(1821, 2101, 54, 14, 62, '2024-10-17 21:11:13'),
(1822, 2102, 91, 15, 41, '2024-10-17 22:41:46'),
(1823, 2103, 127, NULL, NULL, NULL),
(1824, 2103, 131, NULL, NULL, NULL),
(1825, 2104, 41, 58, 49, '2024-10-17 23:52:25'),
(1826, 2105, 41, NULL, NULL, NULL),
(1827, 2106, 230, 59, 219, '2024-10-17 23:19:23'),
(1828, 2107, 123, 57, 69, '2024-10-17 23:35:30'),
(1829, 2108, 123, NULL, NULL, NULL),
(1830, 2109, 123, 46, 104, '2024-10-17 23:30:03'),
(1831, 2110, 18, NULL, NULL, NULL),
(1832, 2111, 84, 15, 41, '2024-10-17 23:38:46'),
(1833, 2112, 77, 46, 104, '2024-10-17 23:19:41'),
(1834, 2113, 77, 70, 127, '2024-10-17 23:11:13'),
(1835, 2114, 132, 14, 62, '2024-10-17 23:49:10'),
(1836, 2115, 103, NULL, NULL, NULL),
(1837, 2116, 103, NULL, NULL, NULL),
(1838, 2117, 103, 46, 104, '2024-10-17 23:40:12'),
(1839, 2118, 63, 70, 127, '2024-10-17 22:30:55'),
(1840, 2119, 39, 59, 219, '2024-10-17 20:43:10'),
(1841, 2120, 117, 57, 69, '2024-10-17 22:21:24'),
(1842, 2121, 69, 57, 69, '2024-10-17 23:42:07'),
(1843, 2122, 126, NULL, NULL, NULL),
(1844, 2123, 81, NULL, NULL, NULL),
(1845, 2124, 59, NULL, NULL, NULL),
(1846, 2125, 98, NULL, NULL, NULL),
(1847, 2126, 90, NULL, NULL, NULL),
(1848, 2127, 52, NULL, NULL, NULL),
(1849, 2128, 122, NULL, NULL, NULL),
(1850, 2129, 130, NULL, NULL, NULL),
(1851, 2130, 130, 60, 81, '2024-10-17 23:31:24'),
(1852, 2131, 118, NULL, NULL, NULL),
(1853, 2132, 118, 54, 61, '2024-10-17 20:51:07'),
(1854, 2133, 118, 14, 62, '2024-10-17 23:28:21'),
(1855, 2134, 120, NULL, NULL, NULL),
(1856, 2134, 83, NULL, NULL, NULL),
(1857, 2134, 98, NULL, NULL, NULL),
(1858, 2135, 230, 51, 118, '2024-10-17 20:48:03'),
(1859, 2136, 129, NULL, NULL, NULL),
(1860, 2137, 230, 40, 50, '2024-10-18 08:10:08'),
(1861, 2138, 51, NULL, NULL, NULL),
(1862, 2139, 51, 15, 41, '2024-10-18 00:09:40'),
(1863, 2140, 51, 54, 61, '2024-10-17 22:27:21'),
(1864, 2141, 122, NULL, NULL, NULL),
(1865, 2142, 119, NULL, NULL, NULL),
(1866, 2143, 76, 58, 88, '2024-10-17 23:18:25'),
(1867, 2144, 151, NULL, NULL, NULL),
(1868, 2145, 224, 26, 58, '2024-10-18 10:24:41'),
(1869, 2146, 12, 26, 12, '2024-10-18 10:14:00'),
(1870, 2147, 30, 35, 34, '2024-10-18 10:08:58'),
(1871, 2148, 38, 26, 58, '2024-10-18 10:44:01'),
(1872, 2149, 153, 26, 58, '2024-10-18 10:31:49'),
(1873, 2150, 64, 35, 34, '2024-10-18 10:24:27'),
(1874, 2151, 21, 35, 34, '2024-10-18 10:54:34'),
(1875, 2152, 95, 37, 43, '2024-10-18 11:31:48'),
(1876, 2153, 70, 26, 78, '2024-10-18 11:28:28'),
(1877, 2154, 58, NULL, NULL, NULL),
(1878, 2155, 73, 33, 64, '2024-10-18 11:39:39'),
(1879, 2156, 28, NULL, NULL, NULL),
(1880, 2157, 44, 23, 50, '2024-10-18 11:51:17'),
(1881, 2158, 151, 33, 34, '2024-10-18 13:50:24'),
(1882, 2159, 151, 40, 50, '2024-10-18 12:38:23'),
(1883, 2160, 44, 35, 34, '2024-10-18 11:57:39'),
(1884, 2161, 50, 33, 34, '2024-10-18 14:01:13'),
(1885, 2162, 50, 33, 34, '2024-10-18 12:19:45'),
(1886, 2163, 225, 35, 43, '2024-10-18 12:25:55'),
(1887, 2164, 225, 35, 43, '2024-10-18 12:21:51'),
(1888, 2165, 225, 35, 43, '2024-10-18 12:23:37'),
(1889, 2166, 44, 27, 13, '2024-10-18 14:21:45'),
(1890, 2167, 115, 33, 34, '2024-10-18 13:37:34'),
(1891, 2168, 76, NULL, NULL, NULL),
(1892, 2169, 51, NULL, NULL, NULL),
(1893, 2170, 153, 26, 45, '2024-10-18 14:27:40'),
(1894, 2171, 101, 35, 58, '2024-10-18 15:28:50'),
(1895, 2172, 59, 26, 45, '2024-10-18 14:42:25'),
(1896, 2173, 18, 37, 82, '2024-10-18 15:54:32'),
(1897, 2174, 20, 33, 34, '2024-10-18 15:09:45'),
(1898, 2175, 81, NULL, NULL, NULL),
(1899, 2176, 77, 27, 13, '2024-10-18 15:21:38'),
(1900, 2177, 56, 26, 45, '2024-10-18 14:58:24'),
(1901, 2178, 51, 26, 45, '2024-10-18 15:04:02'),
(1902, 2179, 230, 37, 38, '2024-10-18 15:39:26'),
(1903, 2180, 89, 35, 58, '2024-10-18 15:30:57'),
(1904, 2181, 41, 33, 34, '2024-10-18 15:15:29'),
(1905, 2182, 82, 37, 82, '2024-10-18 14:53:10'),
(1906, 2183, 153, 26, 45, '2024-10-18 15:06:26'),
(1907, 2184, 28, 27, 13, '2024-10-18 15:23:05'),
(1908, 2185, 46, NULL, NULL, NULL),
(1909, 2186, 61, 33, 34, '2024-10-18 15:02:26'),
(1910, 2187, 61, 33, 34, '2024-10-18 15:22:32'),
(1911, 2188, 80, 70, 80, '2024-10-18 14:53:17'),
(1912, 2189, 39, 33, 34, '2024-10-18 15:46:24'),
(1913, 2190, 84, 26, 45, '2024-10-18 15:24:06'),
(1914, 2191, 84, 37, 82, '2024-10-18 15:46:57'),
(1915, 2192, 74, 37, 82, '2024-10-18 15:06:00'),
(1916, 2193, 130, 33, 34, '2024-10-18 15:36:31'),
(1917, 2194, 16, 20, 68, '2024-10-18 14:59:09'),
(1918, 2195, 219, 27, 13, '2024-10-18 15:22:31'),
(1919, 2196, 89, 26, 45, '2024-10-18 15:26:26'),
(1920, 2197, 81, 70, 81, '2024-10-18 15:06:53'),
(1921, 2198, 59, 71, 53, '2024-10-18 15:45:54'),
(1922, 2199, 83, 37, 82, '2024-10-18 15:32:41'),
(1923, 2200, 84, NULL, NULL, NULL),
(1924, 2201, 40, 71, 53, '2024-10-18 16:14:14'),
(1925, 2202, 28, 37, 82, '2024-10-18 16:08:15'),
(1926, 2203, 39, NULL, NULL, NULL),
(1927, 2204, 143, 35, 58, '2024-10-18 15:54:23'),
(1928, 2205, 130, 33, 34, '2024-10-18 16:07:40'),
(1929, 2206, 230, 33, 34, '2024-10-18 15:34:02'),
(1930, 2207, 230, 33, 34, '2024-10-18 15:49:54'),
(1931, 2208, 59, 35, 58, '2024-10-18 15:39:06'),
(1932, 2209, 219, 26, 45, '2024-10-18 16:09:57'),
(1933, 2210, 96, 27, 13, '2024-10-18 16:16:37'),
(1934, 2211, 129, 27, 13, '2024-10-18 16:50:45'),
(1935, 2212, 18, NULL, NULL, NULL),
(1936, 2213, 103, 26, 45, '2024-10-18 15:40:05'),
(1937, 2214, 69, 33, 34, '2024-10-18 16:44:25'),
(1938, 2215, 51, 59, 29, '2024-10-18 16:17:18'),
(1939, 2216, 59, 71, 53, '2024-10-18 19:18:19'),
(1940, 2217, 56, NULL, NULL, NULL),
(1941, 2218, 77, 26, 45, '2024-10-18 15:46:09'),
(1942, 2219, 89, 70, 81, '2024-10-18 16:44:51'),
(1943, 2220, 18, 26, 45, '2024-10-18 15:54:52'),
(1944, 2221, 59, NULL, NULL, NULL),
(1945, 2222, 89, 35, 33, '2024-10-19 08:43:06'),
(1946, 2223, 219, 26, 45, '2024-10-18 16:41:39'),
(1947, 2224, 90, NULL, NULL, NULL),
(1948, 2225, 39, 59, 82, '2024-10-18 17:38:06'),
(1949, 2226, 230, 27, 13, '2024-10-18 16:17:06'),
(1950, 2227, 96, 27, 13, '2024-10-18 16:18:14'),
(1951, 2228, 126, 59, 29, '2024-10-18 16:20:21'),
(1952, 2229, 18, NULL, NULL, NULL),
(1953, 2230, 16, 71, 53, '2024-10-18 17:10:41'),
(1954, 2231, 18, 71, 53, '2024-10-18 16:14:32'),
(1955, 2232, 59, NULL, 82, '2024-10-18 20:46:06'),
(1956, 2233, 89, NULL, NULL, NULL),
(1957, 2234, 51, 59, 82, '2024-10-18 16:44:34'),
(1958, 2235, 40, 27, 13, '2024-10-18 16:16:03'),
(1959, 2236, 28, 35, 30, '2024-10-18 16:26:57'),
(1960, 2237, 77, 59, 29, '2024-10-18 16:36:00'),
(1961, 2238, 62, 26, 45, '2024-10-18 16:17:18'),
(1962, 2239, 230, NULL, NULL, NULL),
(1963, 2240, 18, NULL, NULL, NULL),
(1964, 2241, 60, 33, 34, '2024-10-18 16:56:16'),
(1965, 2242, 50, 26, 45, '2024-10-18 16:24:45'),
(1966, 2243, 109, 26, 45, '2024-10-18 16:59:52'),
(1967, 2244, 96, NULL, NULL, NULL),
(1968, 2245, 125, 37, 65, '2024-10-18 16:47:54'),
(1969, 2246, 125, 37, 65, '2024-10-18 16:33:22'),
(1970, 2247, 18, NULL, NULL, NULL),
(1971, 2248, 40, 71, 53, '2024-10-18 19:28:48'),
(1972, 2249, 69, NULL, NULL, NULL),
(1973, 2250, 230, NULL, NULL, NULL),
(1974, 2251, 89, 71, 53, '2024-10-18 19:19:46'),
(1975, 2252, 89, 71, 53, '2024-10-18 17:48:09'),
(1976, 2253, 126, 53, 32, '2024-10-18 17:32:40'),
(1977, 2254, 96, NULL, NULL, NULL),
(1978, 2255, 129, NULL, 77, '2024-10-18 21:24:14'),
(1979, 2256, 51, 14, 62, '2024-10-18 19:49:19'),
(1980, 2257, 125, NULL, NULL, NULL),
(1981, 2258, 125, 35, 33, '2024-10-19 08:43:42'),
(1982, 2259, 46, 14, 62, '2024-10-18 19:34:14'),
(1983, 2260, 62, 15, 41, '2024-10-18 19:54:32'),
(1984, 2261, 109, 32, 31, '2024-10-19 09:01:30'),
(1985, 2262, 39, 71, 53, '2024-10-18 21:54:00'),
(1986, 2263, 60, 33, 34, '2024-10-18 17:15:49'),
(1987, 2264, 77, NULL, 77, '2024-10-18 21:23:57'),
(1988, 2265, 90, 26, 11, '2024-10-19 08:47:25'),
(1989, 2266, 90, 70, 120, '2024-10-18 19:49:51'),
(1990, 2267, 50, 15, 41, '2024-10-18 19:45:10'),
(1991, 2268, 58, 14, 40, '2024-10-18 19:42:30'),
(1992, 2269, 58, 33, 60, '2024-10-18 17:21:22'),
(1993, 2270, 56, 14, 53, '2024-10-18 21:38:14'),
(1994, 2271, 115, NULL, NULL, NULL),
(1995, 2272, 115, 70, 120, '2024-10-18 19:19:05'),
(1996, 2273, 18, 23, 28, '2024-10-19 08:47:59'),
(1997, 2274, 18, 23, 28, '2024-10-19 08:29:44'),
(1998, 2275, 18, 14, 53, '2024-10-18 21:25:21'),
(1999, 2276, 28, 71, 53, '2024-10-18 20:49:51'),
(2000, 2277, 28, 71, 53, '2024-10-18 19:43:00'),
(2001, 2278, 61, NULL, NULL, NULL),
(2002, 2279, 61, NULL, 77, '2024-10-18 21:24:08'),
(2003, 2280, 62, NULL, 82, '2024-10-18 19:39:25'),
(2004, 2281, 103, 47, 77, '2024-10-18 19:54:36'),
(2005, 2282, 46, 14, 53, '2024-10-18 21:16:42'),
(2006, 2283, 46, 14, 53, '2024-10-18 21:03:59'),
(2007, 2284, 126, 43, 46, '2024-10-19 12:21:00'),
(2008, 2284, 125, 33, 34, '2024-10-19 11:38:47'),
(2009, 2285, 109, NULL, NULL, NULL),
(2010, 2286, 219, NULL, NULL, NULL),
(2011, 2287, 230, NULL, NULL, NULL),
(2012, 2288, 62, NULL, NULL, NULL),
(2013, 2289, 59, NULL, NULL, NULL),
(2014, 2290, 70, 47, 77, '2024-10-18 22:26:04'),
(2015, 2291, 16, NULL, NULL, NULL),
(2016, 2292, 96, 33, 34, '2024-10-19 08:23:08'),
(2017, 2293, 56, NULL, NULL, NULL),
(2018, 2294, 89, 53, 32, '2024-10-18 19:54:58'),
(2019, 2295, 41, 15, 41, '2024-10-18 20:02:38'),
(2020, 2296, 60, 53, 32, '2024-10-18 20:09:48'),
(2021, 2297, 61, NULL, NULL, NULL),
(2022, 2298, 40, 14, 53, '2024-10-18 20:28:12'),
(2023, 2299, 62, 14, 53, '2024-10-18 20:46:27'),
(2024, 2300, 96, NULL, NULL, NULL),
(2025, 2301, 53, 71, 53, '2024-10-18 20:19:59'),
(2026, 2302, 90, NULL, NULL, NULL),
(2027, 2303, 90, 53, 32, '2024-10-18 19:14:19'),
(2028, 2304, 69, NULL, NULL, NULL),
(2029, 2305, 69, NULL, 82, '2024-10-18 19:55:58'),
(2030, 2306, 69, 53, 32, '2024-10-18 19:24:53'),
(2031, 2307, 39, 14, 53, '2024-10-18 22:09:42'),
(2032, 2308, 39, 15, 41, '2024-10-18 20:48:10'),
(2033, 2309, 219, NULL, 77, '2024-10-18 21:48:27'),
(2034, 2310, 219, NULL, NULL, NULL),
(2035, 2311, 51, 33, 34, '2024-10-19 08:54:13'),
(2036, 2312, 59, NULL, NULL, NULL),
(2037, 2313, 103, NULL, NULL, NULL),
(2038, 2314, 89, 23, 28, '2024-10-19 08:52:49'),
(2039, 2315, 125, NULL, NULL, NULL),
(2040, 2316, 126, NULL, NULL, NULL),
(2041, 2317, 18, NULL, NULL, NULL),
(2042, 2318, 130, NULL, NULL, NULL),
(2043, 2319, 219, NULL, NULL, NULL),
(2044, 2320, 59, NULL, NULL, NULL),
(2045, 2321, 103, NULL, NULL, NULL),
(2046, 2322, 103, NULL, NULL, NULL),
(2047, 2323, 35, NULL, NULL, NULL),
(2048, 2324, 35, 71, 53, '2024-10-18 20:05:45'),
(2049, 2325, 45, 53, 32, '2024-10-18 19:38:44'),
(2050, 2326, 17, NULL, NULL, NULL),
(2051, 2327, 96, NULL, NULL, NULL),
(2052, 2328, 96, NULL, NULL, NULL),
(2053, 2329, 129, 71, 53, '2024-10-18 20:38:04'),
(2054, 2330, 129, 71, 53, '2024-10-18 21:05:13'),
(2055, 2331, 81, NULL, NULL, NULL),
(2056, 2332, 77, NULL, NULL, NULL),
(2057, 2333, 69, NULL, NULL, NULL),
(2058, 2334, 69, NULL, NULL, NULL),
(2059, 2335, 59, NULL, NULL, NULL),
(2060, 2336, 56, NULL, NULL, NULL),
(2061, 2337, 45, NULL, NULL, NULL),
(2062, 2338, 90, 29, 87, '2024-10-19 08:29:22'),
(2063, 2339, 90, NULL, NULL, NULL),
(2064, 2340, 90, 29, 87, '2024-10-19 08:37:25'),
(2065, 2341, 125, NULL, NULL, NULL),
(2066, 2342, 125, 23, 28, '2024-10-19 08:48:10'),
(2067, 2343, 81, NULL, NULL, NULL),
(2068, 2344, 51, NULL, NULL, NULL),
(2069, 2345, 51, NULL, 120, '2024-10-18 21:23:23'),
(2070, 2346, 39, 60, 52, '2024-10-18 21:05:56'),
(2071, 2347, 129, NULL, 77, '2024-10-18 21:48:34'),
(2072, 2348, 96, 14, 53, '2024-10-18 21:50:30'),
(2073, 2349, 103, NULL, NULL, NULL),
(2074, 2350, 17, NULL, NULL, NULL),
(2075, 2351, 39, 35, 33, '2024-10-19 08:24:49'),
(2076, 2352, 51, 15, 41, '2024-10-18 21:27:50'),
(2077, 2353, 56, NULL, NULL, NULL),
(2078, 2354, 96, NULL, NULL, NULL),
(2079, 2355, 81, NULL, NULL, NULL),
(2080, 2356, 43, 26, 11, '2024-10-19 08:31:31'),
(2081, 2357, 112, 26, 12, '2024-10-19 08:18:18'),
(2082, 2358, 65, 32, 31, '2024-10-19 08:47:50'),
(2083, 2359, 70, 32, 31, '2024-10-19 08:56:30'),
(2084, 2360, 47, 21, 47, '2024-10-19 09:56:45'),
(2085, 2361, 47, 21, 47, '2024-10-19 09:45:37'),
(2086, 2362, 47, NULL, NULL, NULL),
(2087, 2363, 16, 20, 74, '2024-10-19 09:49:11'),
(2088, 2364, 64, NULL, NULL, NULL),
(2089, 2365, 64, 43, 46, '2024-10-19 12:21:15'),
(2090, 2366, 65, 33, 34, '2024-10-19 10:18:24'),
(2091, 2367, 101, 32, 31, '2024-10-19 10:49:19'),
(2092, 2368, 101, 35, 33, '2024-10-19 09:24:16'),
(2093, 2369, 107, 26, 11, '2024-10-19 10:25:49'),
(2094, 2369, 78, 26, 11, '2024-10-19 10:25:49'),
(2095, 2370, 43, 35, 33, '2024-10-19 09:47:18'),
(2096, 2371, 43, 40, 43, '2024-10-19 09:51:02'),
(2097, 2372, 94, 9, 42, '2024-10-19 09:17:48'),
(2098, 2373, 94, 9, 42, '2024-10-19 09:12:31'),
(2099, 2374, 94, 9, 42, '2024-10-19 09:08:02'),
(2100, 2375, 71, 32, 31, '2024-10-19 09:51:44'),
(2101, 2376, 71, 32, 31, '2024-10-19 09:01:42'),
(2102, 2377, 71, 32, 31, '2024-10-19 09:37:59'),
(2103, 2378, 44, 26, 11, '2024-10-19 09:40:35'),
(2104, 2379, 44, 26, 11, '2024-10-19 09:30:06'),
(2105, 2380, 44, 26, 11, '2024-10-19 09:01:17'),
(2106, 2381, 57, 23, 28, '2024-10-19 09:38:54'),
(2107, 2382, 57, 23, 28, '2024-10-19 11:21:57'),
(2108, 2383, 57, 23, 28, '2024-10-19 10:04:53'),
(2109, 2384, 234, 35, 33, '2024-10-19 10:09:37'),
(2110, 2385, 234, 9, 42, '2024-10-19 09:55:30'),
(2111, 2386, 234, 35, 33, '2024-10-19 09:34:44'),
(2112, 2387, 235, 33, 34, '2024-10-19 10:50:21'),
(2113, 2388, 235, 33, 34, '2024-10-19 11:14:17'),
(2114, 2389, 74, 35, 33, '2024-10-19 09:42:26'),
(2115, 2390, 74, 23, 28, '2024-10-19 10:33:03'),
(2116, 2391, 95, 37, 38, '2024-10-19 09:35:26'),
(2117, 2392, 95, 37, 38, '2024-10-19 09:51:44'),
(2118, 2393, 27, NULL, NULL, NULL),
(2119, 2394, 27, 21, 47, '2024-10-19 09:45:18'),
(2120, 2395, 38, 26, 11, '2024-10-19 09:29:40'),
(2121, 2396, 69, 35, 33, '2024-10-19 09:00:34'),
(2122, 2397, 70, 33, 34, '2024-10-19 09:36:16'),
(2123, 2398, 236, 23, 28, '2024-10-19 09:52:32'),
(2124, 2399, 106, 9, 42, '2024-10-19 09:04:45'),
(2125, 2400, 106, 9, 42, '2024-10-19 09:44:54'),
(2126, 2401, 106, 23, 28, '2024-10-19 10:55:38'),
(2127, 2402, 55, 37, 38, '2024-10-19 09:36:49'),
(2128, 2403, 111, 32, 31, '2024-10-19 10:12:41'),
(2129, 2404, 111, 26, 11, '2024-10-19 10:10:48'),
(2130, 2405, 70, 40, 43, '2024-10-19 09:43:15'),
(2131, 2406, 65, 32, 31, '2024-10-19 09:44:50'),
(2132, 2407, 55, 33, 34, '2024-10-19 09:54:10'),
(2133, 2408, 44, 26, 11, '2024-10-19 10:00:04'),
(2134, 2409, 94, 32, 31, '2024-10-19 10:20:15'),
(2135, 2410, 44, 37, 65, '2024-10-19 10:35:17'),
(2136, 2411, 94, 9, 42, '2024-10-19 11:11:48'),
(2137, 2412, 47, NULL, NULL, NULL),
(2138, 2413, 30, 35, 30, '2024-10-19 11:11:15'),
(2139, 2414, 55, 23, 28, '2024-10-19 11:38:36'),
(2140, 2415, 71, 29, 71, '2024-10-19 11:08:06'),
(2141, 2416, 71, 29, 71, '2024-10-19 10:53:26'),
(2142, 2417, 71, 29, 71, '2024-10-19 11:01:07'),
(2143, 2418, 78, 37, 65, '2024-10-19 11:02:41'),
(2144, 2419, 78, 40, 43, '2024-10-19 10:39:27'),
(2145, 2420, 78, 37, 65, '2024-10-19 11:13:59'),
(2146, 2421, 37, 32, 31, '2024-10-19 11:40:16'),
(2147, 2422, 27, 40, 43, '2024-10-19 10:54:14'),
(2148, 2423, 42, 9, 42, '2024-10-19 10:50:03'),
(2149, 2424, 33, 35, 30, '2024-10-19 11:17:20'),
(2150, 2425, 75, 36, 78, '2024-10-19 11:03:09'),
(2151, 2426, 115, 32, 31, '2024-10-19 10:34:21'),
(2152, 2427, 115, 33, 34, '2024-10-19 11:00:11'),
(2153, 2428, 115, 40, 43, '2024-10-19 10:43:16'),
(2154, 2429, 115, 40, 43, '2024-10-19 10:45:34'),
(2155, 2430, 115, 29, 71, '2024-10-19 11:31:26'),
(2156, 2431, 115, 29, 71, '2024-10-19 11:15:00'),
(2157, 2432, 57, 23, 28, '2024-10-19 10:46:57'),
(2158, 2433, 57, 23, 28, '2024-10-19 10:40:01'),
(2159, 2434, 37, 33, 34, '2024-10-19 11:22:28'),
(2160, 2435, 33, 35, 33, '2024-10-19 11:51:21'),
(2161, 2436, 78, NULL, NULL, NULL),
(2162, 2437, 37, 32, 31, '2024-10-19 12:08:05'),
(2163, 2438, 236, 43, 46, '2024-10-19 12:35:07'),
(2164, 2439, 234, NULL, NULL, NULL),
(2165, 2440, 65, 32, 31, '2024-10-19 11:49:10'),
(2166, 2441, 37, NULL, NULL, NULL),
(2167, 2442, 94, NULL, NULL, NULL),
(2168, 2443, 47, 21, 47, '2024-10-19 14:20:29'),
(2169, 2444, 235, 35, 33, '2024-10-19 13:44:09'),
(2170, 2445, 16, NULL, NULL, NULL),
(2171, 2446, 75, NULL, NULL, NULL),
(2172, 2447, 75, 20, 74, '2024-10-19 14:15:28'),
(2173, 2448, 112, 26, 11, '2024-10-19 15:33:34'),
(2174, 2449, 112, 43, 46, '2024-10-19 12:41:06'),
(2175, 2450, 65, 71, 53, '2024-10-19 15:03:05'),
(2177, 2452, 94, 23, 28, '2024-10-19 14:13:42'),
(2178, 2453, 94, 20, 74, '2024-10-19 14:10:54'),
(2179, 2454, 106, 26, 12, '2024-10-19 13:26:14'),
(2180, 2455, 106, 35, 33, '2024-10-19 13:59:55'),
(2181, 2456, 106, 26, 12, '2024-10-19 13:58:04'),
(2182, 2457, 55, 26, 11, '2024-10-19 15:45:38'),
(2183, 2458, 71, 29, 87, '2024-10-19 14:19:36'),
(2184, 2459, 102, 33, 34, '2024-10-19 14:17:45'),
(2185, 2460, 102, 23, 28, '2024-10-19 14:26:28'),
(2186, 2461, 78, 35, 33, '2024-10-19 14:27:31'),
(2187, 2462, 78, 35, 33, '2024-10-19 14:23:17'),
(2188, 2463, 78, NULL, 11, '2024-10-19 14:57:25'),
(2189, 2464, 78, NULL, 11, '2024-10-19 15:06:20'),
(2190, 2465, 78, 27, 62, '2024-10-19 14:34:00'),
(2191, 2466, 78, NULL, 11, '2024-10-19 15:08:52'),
(2192, 2467, 78, 27, 62, '2024-10-19 14:33:09'),
(2193, 2468, 101, 33, 34, '2024-10-19 15:27:33'),
(2194, 2469, 107, 29, 87, '2024-10-19 14:07:22'),
(2195, 2470, 107, 29, 87, '2024-10-19 13:43:43'),
(2196, 2471, 107, 29, 87, '2024-10-19 14:10:26'),
(2197, 2472, 105, 29, 87, '2024-10-19 14:54:40'),
(2198, 2473, 102, 35, 33, '2024-10-19 14:16:18'),
(2199, 2474, 102, 35, 33, '2024-10-19 14:05:40'),
(2200, 2475, 66, 33, 34, '2024-10-19 14:30:52'),
(2201, 2476, 95, 37, 43, '2024-10-19 14:13:52'),
(2202, 2477, 102, 23, 78, '2024-10-19 14:48:42'),
(2203, 2478, 9, NULL, NULL, NULL),
(2204, 2479, 9, 27, 62, '2024-10-19 14:32:30'),
(2205, 2480, 9, 20, 74, '2024-10-19 14:17:36'),
(2206, 2481, 106, 43, 46, '2024-10-19 14:22:25'),
(2207, 2482, 106, 37, 43, '2024-10-19 15:29:54'),
(2208, 2483, 71, 27, 71, '2024-10-19 14:48:43'),
(2209, 2484, 71, 33, 34, '2024-10-19 14:02:39'),
(2210, 2485, 236, 23, 78, '2024-10-19 15:05:39'),
(2212, 2487, 102, 23, 78, '2024-10-19 14:55:39'),
(2213, 2488, 234, 22, 32, '2024-10-19 14:57:54'),
(2214, 2489, 109, 35, 33, '2024-10-19 15:11:49'),
(2215, 2490, 115, NULL, 31, '2024-10-19 14:35:29'),
(2216, 2491, 20, 22, 32, '2024-10-19 14:42:31'),
(2217, 2492, 20, 71, 53, '2024-10-19 14:52:33'),
(2218, 2493, 66, NULL, NULL, NULL),
(2219, 2494, 55, 57, 44, '2024-10-19 14:29:10'),
(2220, 2495, 37, 22, 32, '2024-10-19 14:44:16'),
(2221, 2496, 46, 43, 46, '2024-10-19 14:57:57'),
(2222, 2497, 61, 33, 34, '2024-10-19 14:48:53'),
(2223, 2498, 45, 35, 33, '2024-10-19 14:37:45'),
(2224, 2499, 219, 59, 63, '2024-10-19 15:00:31'),
(2225, 2500, 93, 37, 43, '2024-10-19 15:06:46'),
(2226, 2501, 230, 35, 33, '2024-10-19 15:00:39'),
(2227, 2502, 92, 71, 53, '2024-10-19 16:06:49'),
(2228, 2503, 89, NULL, NULL, NULL),
(2229, 2504, 132, 57, 44, '2024-10-19 14:52:31'),
(2230, 2505, 96, 35, 33, '2024-10-19 14:49:42'),
(2231, 2506, 63, 59, 63, '2024-10-19 14:44:35'),
(2232, 2507, 123, NULL, NULL, NULL),
(2233, 2508, 130, 43, 46, '2024-10-19 14:58:11'),
(2234, 2509, 83, 21, 47, '2024-10-19 15:17:16'),
(2235, 2510, 124, 29, 87, '2024-10-19 15:35:18'),
(2236, 2511, 93, NULL, NULL, NULL),
(2237, 2512, 83, NULL, NULL, NULL),
(2238, 2513, 126, 57, 44, '2024-10-19 15:16:55'),
(2239, 2514, 219, 23, 78, '2024-10-19 15:28:34'),
(2240, 2515, 81, 70, 81, '2024-10-19 14:48:05'),
(2241, 2516, 130, 33, 34, '2024-10-19 15:01:04'),
(2242, 2517, 89, NULL, NULL, NULL),
(2243, 2518, 69, 57, 44, '2024-10-19 16:08:57'),
(2244, 2519, 59, NULL, NULL, NULL),
(2245, 2520, 16, NULL, 31, '2024-10-19 15:01:02'),
(2246, 2521, 124, 32, 31, '2024-10-19 15:05:35'),
(2247, 2522, 230, 57, 44, '2024-10-19 15:08:52'),
(2248, 2523, 18, 29, 87, '2024-10-19 16:23:43'),
(2249, 2524, 82, NULL, NULL, NULL),
(2250, 2525, 88, 59, 63, '2024-10-19 15:28:47'),
(2251, 2526, 37, 32, 31, '2024-10-19 15:32:33'),
(2252, 2527, 124, 29, 87, '2024-10-19 16:02:17'),
(2253, 2528, 130, 21, 47, '2024-10-19 15:30:34'),
(2254, 2529, 237, 32, 31, '2024-10-19 15:40:42'),
(2255, 2530, 84, NULL, NULL, NULL),
(2256, 2531, 84, 43, 46, '2024-10-19 15:40:07'),
(2257, 2532, 84, NULL, NULL, NULL),
(2258, 2533, 132, 35, 33, '2024-10-19 15:35:53'),
(2259, 2534, 132, 33, 34, '2024-10-19 15:11:46'),
(2260, 2535, 132, 21, 47, '2024-10-19 15:24:19'),
(2261, 2536, 60, 43, 46, '2024-10-19 15:23:55'),
(2262, 2537, 60, 43, 46, '2024-10-19 15:25:30'),
(2263, 2538, 60, 43, 46, '2024-10-19 16:02:19'),
(2264, 2539, 131, 59, 63, '2024-10-19 16:10:17'),
(2265, 2540, 131, NULL, NULL, NULL),
(2266, 2541, 59, 22, 32, '2024-10-19 15:18:59'),
(2267, 2542, 59, 23, 78, '2024-10-19 16:08:39'),
(2268, 2543, 91, 22, 32, '2024-10-19 15:33:02'),
(2269, 2544, 236, 23, 78, '2024-10-19 16:15:51'),
(2270, 2545, 14, 22, 32, '2024-10-19 16:09:54'),
(2271, 2546, 14, 22, 32, '2024-10-19 16:01:38'),
(2272, 2547, 219, 59, 63, '2024-10-19 15:53:31'),
(2273, 2548, 219, NULL, NULL, NULL),
(2274, 2549, 83, NULL, NULL, NULL),
(2275, 2550, 16, 29, 87, '2024-10-19 15:54:27'),
(2276, 2551, 16, 35, 33, '2024-10-19 15:38:15'),
(2277, 2552, 72, 22, 32, '2024-10-19 15:34:41'),
(2278, 2553, 72, 32, 31, '2024-10-19 15:44:09'),
(2279, 2554, 123, 43, 46, '2024-10-19 15:53:31'),
(2280, 2555, 123, 35, 33, '2024-10-19 15:30:28'),
(2281, 2556, 82, NULL, NULL, NULL),
(2282, 2557, 82, 59, 63, '2024-10-19 16:14:25'),
(2283, 2558, 28, 32, 31, '2024-10-19 16:18:25'),
(2284, 2559, 28, 32, 31, '2024-10-19 15:46:22'),
(2285, 2560, 126, NULL, NULL, NULL),
(2286, 2561, 126, 43, 46, '2024-10-19 15:59:10'),
(2287, 2562, 89, NULL, NULL, NULL),
(2288, 2563, 89, NULL, NULL, NULL),
(2289, 2564, 38, 75, 84, '2024-10-19 15:44:41'),
(2290, 2565, 103, 70, 80, '2024-10-19 16:19:23'),
(2291, 2566, 103, 35, 33, '2024-10-19 16:05:15'),
(2292, 2567, 55, 23, 78, '2024-10-19 15:50:46'),
(2293, 2568, 55, 22, 32, '2024-10-19 15:48:19'),
(2294, 2569, 129, 21, 47, '2024-10-19 16:04:29'),
(2295, 2569, 80, 21, 47, '2024-10-19 16:03:01'),
(2296, 2569, 40, 37, 43, '2024-10-19 16:15:40'),
(2297, 2569, 37, 21, 47, '2024-10-19 15:47:11'),
(2298, 2569, 109, 37, 43, '2024-10-19 16:15:40'),
(2299, 2570, 59, 37, 43, '2024-10-19 15:53:13'),
(2300, 2571, 59, NULL, NULL, NULL),
(2301, 2572, 16, 22, 32, '2024-10-19 16:19:30'),
(2302, 2573, 230, 71, 53, '2024-10-19 16:21:43'),
(2303, 2574, 131, 75, 84, '2024-10-19 16:09:01'),
(2304, 2575, 89, 59, 63, '2024-10-19 16:47:57'),
(2305, 2576, 130, 35, 33, '2024-10-19 16:10:31'),
(2306, 2577, 81, 43, 46, '2024-10-19 16:53:29'),
(2307, 2578, 41, NULL, NULL, NULL),
(2308, 2579, 14, 75, 84, '2024-10-19 16:37:55'),
(2309, 2580, 37, 32, 31, '2024-10-19 16:18:36'),
(2310, 2581, 93, 59, 63, '2024-10-19 17:42:45'),
(2311, 2582, 56, 70, 80, '2024-10-19 17:05:29'),
(2312, 2583, 69, 59, 63, '2024-10-19 16:31:12'),
(2313, 2584, 69, NULL, NULL, NULL),
(2314, 2585, 69, 35, 33, '2024-10-19 16:16:59'),
(2315, 2586, 96, 46, 104, '2024-10-19 19:39:54'),
(2316, 2587, 236, 35, 33, '2024-10-19 16:25:57'),
(2317, 2588, 236, 23, 78, '2024-10-19 16:41:09'),
(2318, 2589, 132, 35, 33, '2024-10-19 16:39:35'),
(2319, 2590, 132, 75, 84, '2024-10-19 16:31:00'),
(2320, 2591, 83, 37, 43, '2024-10-19 16:54:30'),
(2321, 2592, 62, 22, 32, '2024-10-19 17:10:20'),
(2322, 2593, 62, 47, 77, '2024-10-19 19:16:47'),
(2323, 2594, 28, 23, 78, '2024-10-19 16:29:42'),
(2324, 2595, 40, 22, 32, '2024-10-19 16:21:19'),
(2325, 2596, 219, 43, 46, '2024-10-19 16:27:05'),
(2326, 2597, 219, 71, 53, '2024-10-19 16:17:03'),
(2327, 2598, 82, 75, 84, '2024-10-19 16:17:21'),
(2328, 2599, 124, 70, 84, '2024-10-19 19:42:07'),
(2329, 2600, 109, 57, 44, '2024-10-19 16:34:08'),
(2330, 2601, 55, 26, 11, '2024-10-19 16:45:28'),
(2331, 2602, 55, 26, 11, '2024-10-19 16:39:18'),
(2332, 2603, 77, 75, 84, '2024-10-19 16:43:47'),
(2333, 2604, 16, 35, 33, '2024-10-19 16:29:21'),
(2334, 2605, 51, 71, 53, '2024-10-19 16:36:19'),
(2335, 2606, 88, 75, 84, '2024-10-19 16:20:14'),
(2336, 2607, 129, 71, 53, '2024-10-19 16:45:08'),
(2337, 2608, 18, 23, 78, '2024-10-19 17:07:23'),
(2338, 2609, 230, 29, 87, '2024-10-20 09:49:41'),
(2339, 2610, 230, 29, 87, '2024-10-20 09:56:05'),
(2340, 2611, 230, 29, 87, '2024-10-20 10:02:50'),
(2341, 2612, 59, 26, 11, '2024-10-19 17:18:06'),
(2342, 2613, 59, 35, 33, '2024-10-19 17:12:30'),
(2343, 2614, 16, NULL, NULL, NULL),
(2344, 2615, 42, NULL, NULL, NULL),
(2345, 2616, 37, 21, 47, '2024-10-19 17:06:53'),
(2346, 2617, 82, NULL, NULL, NULL),
(2347, 2618, 88, 35, 33, '2024-10-19 17:03:48'),
(2348, 2619, 88, 35, 33, '2024-10-19 16:48:01'),
(2349, 2620, 91, 57, 44, '2024-10-19 16:45:54'),
(2350, 2621, 118, 33, 34, '2024-10-19 16:59:15'),
(2351, 2622, 109, 35, 33, '2024-10-19 16:56:21'),
(2352, 2623, 104, 22, 32, '2024-10-19 16:54:29'),
(2353, 2624, 131, 70, 84, '2024-10-19 17:40:23'),
(2354, 2625, 123, NULL, NULL, NULL),
(2355, 2626, 219, 71, 53, '2024-10-19 20:07:27'),
(2356, 2627, 77, 14, 62, '2024-10-19 19:54:36'),
(2357, 2628, 89, NULL, NULL, NULL),
(2358, 2629, 89, NULL, NULL, NULL),
(2359, 2630, 236, NULL, NULL, NULL),
(2360, 2631, 69, 57, 69, '2024-10-19 17:20:52'),
(2361, 2632, 62, NULL, NULL, NULL),
(2362, 2633, 72, NULL, NULL, NULL),
(2363, 2634, 20, 71, 53, '2024-10-19 19:50:30'),
(2364, 2635, 20, 71, 53, '2024-10-19 19:32:08'),
(2365, 2636, 91, 43, 46, '2024-10-19 17:03:19'),
(2366, 2637, 91, 57, 44, '2024-10-19 16:56:58'),
(2367, 2638, 103, NULL, NULL, NULL),
(2368, 2639, 103, 70, 84, '2024-10-19 19:20:07'),
(2369, 2640, 28, 32, 31, '2024-10-19 16:55:03'),
(2370, 2641, 28, NULL, NULL, NULL),
(2371, 2642, 17, 32, 31, '2024-10-19 17:10:49'),
(2372, 2643, 17, 29, 87, '2024-10-19 17:05:02'),
(2373, 2644, 18, NULL, NULL, NULL),
(2374, 2645, 132, 23, 78, '2024-10-19 17:11:27'),
(2375, 2646, 104, 57, 69, '2024-10-19 17:44:10'),
(2376, 2647, 14, 47, 77, '2024-10-19 19:23:33'),
(2377, 2648, 14, NULL, NULL, NULL),
(2378, 2649, 56, NULL, NULL, NULL),
(2379, 2650, 74, NULL, NULL, NULL),
(2380, 2651, 65, 70, 84, '2024-10-19 19:44:12'),
(2381, 2652, 83, NULL, NULL, NULL),
(2382, 2653, 55, 26, 11, '2024-10-19 17:02:57'),
(2383, 2654, 55, 35, 33, '2024-10-19 17:01:10'),
(2384, 2655, 28, NULL, NULL, NULL),
(2385, 2656, 28, NULL, NULL, NULL),
(2386, 2657, 60, NULL, NULL, NULL),
(2387, 2658, 89, NULL, NULL, NULL),
(2388, 2659, 126, 43, 46, '2024-10-19 17:23:04'),
(2389, 2660, 126, NULL, NULL, NULL),
(2390, 2661, 230, 57, 44, '2024-10-19 17:05:47'),
(2391, 2662, 37, 37, 43, '2024-10-19 17:10:48'),
(2392, 2663, 129, 35, 33, '2024-10-19 17:08:48'),
(2393, 2664, 40, NULL, NULL, NULL),
(2394, 2665, 29, 59, 63, '2024-10-19 19:26:41'),
(2395, 2666, 18, 47, 77, '2024-10-19 19:33:29'),
(2396, 2667, 59, NULL, NULL, NULL),
(2397, 2668, 230, NULL, NULL, NULL),
(2398, 2669, 118, 47, 77, '2024-10-19 19:22:14'),
(2399, 2670, 118, NULL, NULL, NULL),
(2400, 2671, 118, NULL, NULL, NULL),
(2401, 2672, 40, 14, 62, '2024-10-19 19:27:29'),
(2402, 2673, 132, 57, 83, '2024-10-19 19:33:00'),
(2403, 2674, 40, 14, 62, '2024-10-19 19:17:28'),
(2404, 2675, 40, 14, 62, '2024-10-19 17:53:04'),
(2405, 2676, 93, NULL, NULL, NULL),
(2406, 2677, 62, 14, 62, '2024-10-19 19:30:41'),
(2407, 2678, 219, 71, 53, '2024-10-19 20:23:10'),
(2408, 2679, 62, 53, 104, '2024-10-19 17:47:59'),
(2409, 2680, 20, 47, 77, '2024-10-19 20:15:22'),
(2410, 2681, 89, NULL, NULL, NULL),
(2411, 2682, 81, 60, 14, '2024-10-19 19:09:00'),
(2412, 2683, 82, NULL, NULL, NULL),
(2413, 2684, 131, 14, 62, '2024-10-19 19:43:47'),
(2414, 2685, 130, NULL, NULL, NULL),
(2416, 2687, 88, NULL, NULL, NULL),
(2417, 2688, 41, NULL, NULL, NULL),
(2418, 2689, 129, 54, 130, '2024-10-19 19:31:51'),
(2419, 2690, 90, NULL, NULL, NULL),
(2420, 2691, 93, NULL, NULL, NULL),
(2421, 2692, 39, NULL, NULL, NULL),
(2422, 2693, 132, NULL, NULL, NULL),
(2423, 2694, 104, 53, 104, '2024-10-19 17:45:15'),
(2424, 2695, 118, NULL, NULL, NULL),
(2425, 2695, 127, NULL, NULL, NULL),
(2426, 2695, 91, NULL, NULL, NULL),
(2427, 2696, 131, NULL, NULL, NULL),
(2428, 2697, 126, 57, 45, '2024-10-19 19:36:29'),
(2429, 2698, 126, 57, 45, '2024-10-19 19:37:24'),
(2430, 2699, 126, NULL, NULL, NULL),
(2431, 2700, 119, NULL, NULL, NULL),
(2432, 2701, 119, NULL, NULL, NULL),
(2433, 2702, 39, NULL, NULL, NULL),
(2434, 2703, 90, 54, 130, '2024-10-19 19:28:39'),
(2435, 2704, 104, 57, 83, '2024-10-19 19:25:36'),
(2436, 2705, 132, NULL, NULL, NULL),
(2437, 2706, 88, NULL, NULL, NULL),
(2438, 2707, 123, 54, 130, '2024-10-19 19:44:31'),
(2439, 2708, 51, 57, 83, '2024-10-19 19:41:21'),
(2440, 2709, 81, 59, 127, '2024-10-19 20:08:35'),
(2441, 2710, 124, NULL, NULL, NULL),
(2442, 2711, 77, NULL, NULL, NULL),
(2443, 2712, 77, NULL, NULL, NULL),
(2444, 2713, 56, NULL, NULL, NULL),
(2445, 2714, 219, 14, 62, '2024-10-19 19:36:46'),
(2446, 2715, 17, 15, 41, '2024-10-19 19:23:43'),
(2447, 2716, 17, NULL, NULL, NULL),
(2448, 2717, 89, NULL, NULL, NULL),
(2449, 2718, 219, NULL, NULL, NULL),
(2450, 2719, 45, 9, 42, '2024-10-20 08:28:19'),
(2451, 2720, 91, 23, 66, '2024-10-20 08:43:40'),
(2452, 2721, 91, 20, 16, '2024-10-20 08:21:01'),
(2453, 2722, 60, 29, 87, '2024-10-20 09:13:23'),
(2454, 2723, 104, 17, 65, '2024-10-20 09:08:41'),
(2455, 2724, 60, 29, 87, '2024-10-20 08:56:41'),
(2456, 2725, 60, 29, 87, '2024-10-20 08:35:05'),
(2457, 2726, 11, NULL, NULL, NULL),
(2458, 2727, 28, 23, 66, '2024-10-20 09:11:08'),
(2459, 2728, 28, 23, 66, '2024-10-20 09:21:03'),
(2460, 2729, 74, NULL, NULL, NULL),
(2461, 2730, 111, 29, 87, '2024-10-20 10:44:38'),
(2462, 2731, 28, 23, 66, '2024-10-20 09:14:46'),
(2463, 2732, 28, 23, 66, '2024-10-20 09:42:50'),
(2464, 2733, 75, 36, 57, '2024-10-20 10:59:16'),
(2465, 2734, 102, 23, 66, '2024-10-20 10:33:50'),
(2466, 2735, 28, 23, 66, '2024-10-20 13:41:02'),
(2467, 2736, 11, 18, 27, '2024-10-20 11:01:23'),
(2468, 2737, 27, 18, 27, '2024-10-20 14:58:56'),
(2469, 2738, 102, 23, 66, '2024-10-20 11:02:19'),
(2470, 2739, 102, 23, 66, '2024-10-20 15:04:40'),
(2471, 2740, 27, 23, 66, '2024-10-20 09:50:57'),
(2472, 2741, 65, 29, 44, '2024-10-20 13:12:09'),
(2473, 2742, 94, 36, 57, '2024-10-20 14:45:21'),
(2474, 2743, 94, 36, 57, '2024-10-20 11:34:06'),
(2475, 2744, 47, 14, 14, '2024-10-20 19:09:05'),
(2476, 2745, 47, 36, 57, '2024-10-20 11:09:54'),
(2477, 2746, 105, 29, 87, '2024-10-20 11:23:41'),
(2478, 2747, 111, 29, 87, '2024-10-20 10:57:34'),
(2479, 2748, 11, 18, 27, '2024-10-20 11:47:43'),
(2480, 2749, 94, 23, 66, '2024-10-20 14:46:36'),
(2481, 2750, 47, 23, 66, '2024-10-20 10:14:41'),
(2482, 2751, 42, NULL, 42, '2024-10-20 13:49:04'),
(2483, 2752, 28, 23, 66, '2024-10-20 11:37:32'),
(2484, 2753, 28, 23, 66, '2024-10-20 11:10:51'),
(2485, 2754, 94, 29, 44, '2024-10-20 14:41:48'),
(2486, 2755, 94, 23, 66, '2024-10-20 11:21:51'),
(2487, 2756, 11, 18, 27, '2024-10-20 13:45:30'),
(2488, 2757, 11, 18, 27, '2024-10-20 15:04:08'),
(2489, 2758, 44, NULL, NULL, NULL),
(2490, 2759, 44, NULL, NULL, NULL),
(2491, 2760, 47, 36, 57, '2024-10-20 13:46:33'),
(2492, 2761, 102, 23, 66, '2024-10-20 15:54:20'),
(2493, 2762, 111, 29, 87, '2024-10-20 14:59:25'),
(2494, 2763, 111, 29, 44, '2024-10-20 15:15:26'),
(2495, 2764, 105, 18, 27, '2024-10-20 15:46:31'),
(2496, 2765, 28, 23, 66, '2024-10-20 15:16:33'),
(2497, 2766, 94, NULL, NULL, NULL),
(2498, 2767, 74, 20, 28, '2024-10-20 13:53:48'),
(2499, 2768, 28, 18, 27, '2024-10-20 16:55:24'),
(2500, 2769, 28, 36, 57, '2024-10-20 13:19:05'),
(2501, 2770, 28, 20, 28, '2024-10-20 13:54:11'),
(2502, 2771, 94, 29, 44, '2024-10-20 16:28:26'),
(2503, 2772, 94, 18, 27, '2024-10-20 16:29:05'),
(2504, 2773, 94, NULL, NULL, NULL),
(2505, 2774, 28, 20, 28, '2024-10-20 13:53:34'),
(2506, 2775, 28, 17, 65, '2024-10-20 14:17:39'),
(2507, 2776, 28, 20, 28, '2024-10-20 14:05:57'),
(2508, 2777, 44, 36, 57, '2024-10-20 13:18:57'),
(2509, 2778, 44, NULL, NULL, NULL),
(2510, 2779, 28, 18, 27, '2024-10-20 15:22:00'),
(2511, 2780, 28, 20, 28, '2024-10-20 13:56:06'),
(2512, 2781, 74, NULL, NULL, NULL),
(2513, 2782, 74, NULL, NULL, NULL),
(2514, 2783, 111, 29, 44, '2024-10-20 15:46:44'),
(2515, 2784, 102, 20, 28, '2024-10-20 15:30:10'),
(2516, 2785, 112, 20, 28, '2024-10-20 15:19:25'),
(2517, 2786, 102, 20, 28, '2024-10-20 14:21:10'),
(2518, 2787, 102, 46, 104, '2024-10-20 19:26:42');
INSERT INTO `pedidos_d_r_e` (`id`, `id_pedido`, `id_despachador`, `id_rechequeador`, `id_embalador`, `fecha_rechequeado`) VALUES
(2519, 2788, 122, 36, 104, '2024-10-20 15:21:04'),
(2520, 2789, 51, NULL, NULL, NULL),
(2521, 2790, 132, NULL, NULL, NULL),
(2522, 2791, 91, NULL, NULL, NULL),
(2523, 2792, 131, 23, 66, '2024-10-20 15:35:18'),
(2524, 2793, 124, 29, 44, '2024-10-20 16:51:36'),
(2525, 2794, 117, 29, 44, '2024-10-20 16:30:15'),
(2526, 2795, 123, 9, 42, '2024-10-20 16:57:52'),
(2527, 2796, 104, NULL, NULL, NULL),
(2528, 2797, 72, NULL, NULL, NULL),
(2529, 2798, 40, 20, 28, '2024-10-20 16:32:11'),
(2530, 2799, 117, NULL, NULL, NULL),
(2531, 2800, 103, 9, 42, '2024-10-20 17:04:50'),
(2532, 2801, 93, 9, 42, '2024-10-20 16:46:07'),
(2533, 2802, 93, 9, 42, '2024-10-20 16:42:17'),
(2534, 2803, 103, NULL, NULL, NULL),
(2535, 2804, 103, 14, 14, '2024-10-20 19:44:06'),
(2536, 2805, 124, 29, 44, '2024-10-20 16:02:26'),
(2537, 2806, 118, NULL, NULL, NULL),
(2538, 2807, 93, NULL, NULL, NULL),
(2539, 2808, 119, NULL, NULL, NULL),
(2540, 2809, 40, 20, 28, '2024-10-20 16:12:10'),
(2541, 2810, 40, 20, 28, '2024-10-20 15:55:57'),
(2542, 2811, 56, 23, 66, '2024-10-20 16:21:57'),
(2543, 2812, 56, NULL, NULL, NULL),
(2544, 2813, 62, NULL, NULL, NULL),
(2545, 2814, 62, 36, 104, '2024-10-20 16:35:51'),
(2546, 2815, 132, 46, 104, '2024-10-20 19:03:13'),
(2547, 2816, 132, NULL, NULL, NULL),
(2548, 2817, 132, NULL, NULL, NULL),
(2549, 2818, 102, NULL, NULL, NULL),
(2550, 2819, 111, 29, 44, '2024-10-20 16:33:53'),
(2551, 2820, 131, NULL, NULL, NULL),
(2552, 2821, 124, NULL, NULL, NULL),
(2553, 2822, 93, NULL, NULL, NULL),
(2554, 2823, 123, NULL, NULL, NULL),
(2555, 2823, 14, NULL, NULL, NULL),
(2556, 2823, 93, NULL, NULL, NULL),
(2557, 2824, 62, 36, 104, '2024-10-20 17:01:08'),
(2558, 2825, 103, 14, 14, '2024-10-20 19:34:07'),
(2559, 2826, 122, NULL, NULL, NULL),
(2560, 2827, 122, NULL, NULL, NULL),
(2561, 2828, 92, NULL, NULL, NULL),
(2562, 2829, 118, 33, 34, '2024-10-21 08:17:37'),
(2563, 2830, 92, NULL, NULL, NULL),
(2564, 2831, 119, 33, 34, '2024-10-21 08:40:33'),
(2565, 2832, 132, 26, 55, '2024-10-21 08:20:27'),
(2566, 2833, 154, NULL, NULL, NULL),
(2567, 2834, 16, NULL, NULL, NULL),
(2568, 2835, 11, NULL, NULL, NULL),
(2569, 2836, 27, NULL, NULL, NULL),
(2570, 2836, 25, NULL, NULL, NULL),
(2571, 2837, 13, NULL, NULL, NULL),
(2572, 2838, 21, NULL, NULL, NULL),
(2573, 2838, 14, NULL, NULL, NULL),
(2574, 2838, 10, NULL, NULL, NULL),
(2575, 2838, 27, NULL, NULL, NULL),
(2576, 2839, 9, NULL, NULL, NULL),
(2577, 2839, 9, NULL, NULL, NULL),
(2578, 2839, 9, NULL, NULL, NULL),
(2579, 2840, 23, NULL, NULL, NULL),
(2580, 2840, 14, NULL, NULL, NULL),
(2581, 2840, 25, NULL, NULL, NULL),
(2582, 2841, 23, 5, 10, '2024-10-24 11:41:05'),
(2583, 2842, 24, NULL, NULL, NULL),
(2584, 2842, 26, 5, 19, '2024-10-24 12:15:00');

-- --------------------------------------------------------

--
-- Estructura de tabla para la tabla `privilegios`
--

CREATE TABLE `privilegios` (
  `id` int(11) NOT NULL,
  `accion` varchar(100) NOT NULL
) ENGINE=InnoDB DEFAULT CHARSET=utf8 COLLATE=utf8_unicode_ci;

--
-- Volcado de datos para la tabla `privilegios`
--

INSERT INTO `privilegios` (`id`, `accion`) VALUES
(23, 'asignar_mesa'),
(5, 'consultar_pedido'),
(12, 'eliminar_fallas_pedido'),
(4, 'eliminar_pedido'),
(24, 'estadisticas'),
(21, 'modificar_cuenta_sistema'),
(20, 'modificar_empleado'),
(3, 'modificar_pedido'),
(18, 'pedidos_por_despachador'),
(17, 'pedidos_por_fecha'),
(13, 'rechequear'),
(7, 'registar_lote'),
(6, 'registrar_articulo'),
(14, 'registrar_cuenta_sistema'),
(2, 'registrar_empleado'),
(8, 'registrar_entrada_articulo'),
(11, 'registrar_fallas_pedido'),
(1, 'registrar_pedido'),
(15, 'registrar_ruta'),
(9, 'registrar_salida_articulo'),
(10, 'registrar_salida_excepcional_articulos'),
(16, 'visualizar_estadisticas'),
(19, 'visualizar_estadisticas_fallas_despachador'),
(22, 'visualizar_total_pedidos');

-- --------------------------------------------------------

--
-- Estructura de tabla para la tabla `roles`
--

CREATE TABLE `roles` (
  `id` int(11) NOT NULL,
  `role` varchar(100) NOT NULL
) ENGINE=InnoDB DEFAULT CHARSET=utf8 COLLATE=utf8_unicode_ci;

--
-- Volcado de datos para la tabla `roles`
--

INSERT INTO `roles` (`id`, `role`) VALUES
(1, 'Super'),
(2, 'Supervisor de almacen'),
(3, 'Supervisor de deposito'),
(4, 'Rechequeador'),
(5, 'deposito'),
(6, 'Entrega de pedidos');

-- --------------------------------------------------------

--
-- Estructura de tabla para la tabla `roles_privilegios`
--

CREATE TABLE `roles_privilegios` (
  `id` int(11) NOT NULL,
  `id_role` int(11) NOT NULL,
  `id_privilegio` int(11) NOT NULL
) ENGINE=InnoDB DEFAULT CHARSET=utf8 COLLATE=utf8_unicode_ci;

--
-- Volcado de datos para la tabla `roles_privilegios`
--

INSERT INTO `roles_privilegios` (`id`, `id_role`, `id_privilegio`) VALUES
(1, 3, 14),
(2, 3, 9),
(3, 3, 10),
(4, 3, 7),
(5, 3, 8),
(6, 3, 6),
(7, 5, 6),
(8, 5, 7),
(9, 5, 8),
(10, 5, 9),
(11, 6, 2),
(12, 6, 1),
(13, 6, 3),
(14, 6, 4),
(15, 6, 5),
(16, 4, 13),
(17, 4, 11),
(18, 4, 12),
(19, 2, 14),
(20, 2, 15),
(21, 2, 16),
(22, 2, 17),
(25, 2, 2),
(26, 2, 18),
(27, 2, 19),
(28, 1, 1),
(29, 1, 2),
(30, 1, 3),
(31, 1, 4),
(32, 1, 5),
(33, 1, 6),
(34, 1, 7),
(35, 1, 8),
(36, 1, 9),
(37, 1, 10),
(38, 1, 11),
(39, 1, 12),
(40, 1, 13),
(41, 1, 14),
(42, 1, 15),
(43, 1, 17),
(44, 1, 18),
(45, 1, 19),
(46, 1, 16),
(47, 2, 13),
(48, 1, 20),
(49, 2, 20),
(50, 3, 20),
(51, 6, 20),
(52, 1, 21),
(53, 2, 21),
(54, 3, 21),
(55, 1, 22),
(56, 1, 23),
(57, 2, 1),
(58, 2, 3),
(59, 2, 4),
(60, 2, 11),
(61, 2, 12),
(62, 2, 23),
(63, 2, 5),
(64, 1, 24),
(65, 2, 24);

-- --------------------------------------------------------

--
-- Estructura de tabla para la tabla `rutas`
--

CREATE TABLE `rutas` (
  `id` int(11) NOT NULL,
  `name` varchar(100) NOT NULL
) ENGINE=InnoDB DEFAULT CHARSET=utf8 COLLATE=utf8_unicode_ci;

--
-- Volcado de datos para la tabla `rutas`
--

INSERT INTO `rutas` (`id`, `name`) VALUES
(5, 'ACHAGUAS'),
(6, 'AGUASAY'),
(7, 'AMAZONAS'),
(8, 'ANACO'),
(9, 'APURE'),
(10, 'ARAGUA DE BARCELONA'),
(11, 'BARCELONA'),
(12, 'BARINAS'),
(13, 'BARQUISIMETO'),
(14, 'BARRANCAS'),
(15, 'BOCA DE UCHIRE'),
(16, 'BOLIVAR'),
(17, 'CAICARA'),
(18, 'CALABOZO'),
(19, 'CALLAO'),
(20, 'CAMAGUAN'),
(21, 'CANTAURA'),
(22, 'CARABOBO'),
(23, 'CARIACO'),
(24, 'CARIPE'),
(25, 'CARIPITO'),
(26, 'CARUPANO'),
(27, 'CASANAY'),
(28, 'CAUCAGUA'),
(29, 'CHAGUARAMAS'),
(30, 'CIUDAD BOLIVAR'),
(31, 'CIUDAD PIAR'),
(32, 'CLARINES'),
(33, 'COJEDES'),
(34, 'CUMANA'),
(35, 'DISTRITO CAPITAL'),
(36, 'EL CHAPARRO'),
(37, 'EL DORADO'),
(38, 'EL FURRIAL'),
(39, 'EL MANTECO'),
(40, 'EL PALMAR'),
(41, 'EL SOCORRO'),
(42, 'EL SOMBRERO'),
(43, 'EL TEJERO'),
(44, 'EL TIGRE'),
(45, 'FALCON'),
(46, 'GUARENAS'),
(47, 'GUASIPATI'),
(48, 'GUATIRE'),
(49, 'JUSEPIN'),
(50, 'LA GUAIRA'),
(51, 'LA TOSCANA'),
(52, 'LAS CLARITAS'),
(53, 'LECHERIAS'),
(54, 'MARACAY'),
(55, 'MARGARITA'),
(56, 'MATURIN'),
(57, 'MERCEDES DEL LLANO'),
(58, 'MERIDA'),
(59, 'MIRANDA'),
(60, 'PARIAGUAN'),
(61, 'PORTUGUESA'),
(62, 'PUERTO CABELLO'),
(63, 'PUERTO LA CRUZ'),
(64, 'PUERTO ORDAZ'),
(65, 'PUERTO PIRITU'),
(66, 'PUNTA DE MATA'),
(67, 'SAN ANTONIO'),
(68, 'SAN FELIX'),
(69, 'SANTA BARBARA'),
(70, 'SANTA ELENA DE UAIREN'),
(71, 'TACHIRA'),
(72, 'TEMBLADOR'),
(73, 'TIGRITO'),
(74, 'TUCUPIDO'),
(75, 'TUCUPITA'),
(76, 'TUMEREMO'),
(77, 'UPATA'),
(78, 'URACOA'),
(79, 'VALENCIA'),
(80, 'VALLE DE LA PASCUA'),
(81, 'YARACUY'),
(82, 'ZARAZA'),
(83, 'ZULIA');

-- --------------------------------------------------------

--
-- Estructura de tabla para la tabla `salida_excepcional_articulos`
--

CREATE TABLE `salida_excepcional_articulos` (
  `id` int(11) NOT NULL,
  `id_lote` int(11) NOT NULL,
  `fecha_salida` datetime NOT NULL,
  `cantidad` int(11) NOT NULL,
  `motivo` text NOT NULL,
  `id_accounts` int(11) NOT NULL
) ENGINE=InnoDB DEFAULT CHARSET=utf8 COLLATE=utf8_unicode_ci;

-- --------------------------------------------------------

--
-- Estructura de tabla para la tabla `salida_existencia_lotes_productos`
--

CREATE TABLE `salida_existencia_lotes_productos` (
  `id` int(11) NOT NULL,
  `id_lote` int(11) NOT NULL,
  `fecha_salida` date NOT NULL,
  `cantidad` int(11) NOT NULL,
  `id_accounts` int(11) NOT NULL,
  `pasillero` int(11) NOT NULL
) ENGINE=InnoDB DEFAULT CHARSET=utf8 COLLATE=utf8_unicode_ci;

--
-- Índices para tablas volcadas
--

--
-- Indices de la tabla `accounts`
--
ALTER TABLE `accounts`
  ADD PRIMARY KEY (`id_account`),
  ADD UNIQUE KEY `username` (`username`),
  ADD KEY `id_empleado` (`id_empleado`),
  ADD KEY `role_id` (`role_id`);

--
-- Indices de la tabla `articulos`
--
ALTER TABLE `articulos`
  ADD PRIMARY KEY (`art`);

--
-- Indices de la tabla `departamento`
--
ALTER TABLE `departamento`
  ADD PRIMARY KEY (`id`),
  ADD UNIQUE KEY `departamento` (`departamento`);

--
-- Indices de la tabla `empleados`
--
ALTER TABLE `empleados`
  ADD PRIMARY KEY (`id`),
  ADD UNIQUE KEY `cedula` (`cedula`),
  ADD KEY `departamento` (`departamento`);

--
-- Indices de la tabla `entrada_existencia_lotes_productos`
--
ALTER TABLE `entrada_existencia_lotes_productos`
  ADD PRIMARY KEY (`id`),
  ADD KEY `id_lote` (`id_lote`),
  ADD KEY `id_accounts` (`id_accounts`);

--
-- Indices de la tabla `fallas_despachador`
--
ALTER TABLE `fallas_despachador`
  ADD PRIMARY KEY (`id`),
  ADD KEY `motivo` (`motivo`),
  ADD KEY `id_pedido_d_r_e` (`id_pedido_d_r_e`),
  ADD KEY `despachador` (`despachador`);

--
-- Indices de la tabla `lotes`
--
ALTER TABLE `lotes`
  ADD PRIMARY KEY (`id`),
  ADD KEY `art` (`art`);

--
-- Indices de la tabla `mesas_rechequeadoras`
--
ALTER TABLE `mesas_rechequeadoras`
  ADD PRIMARY KEY (`id`),
  ADD UNIQUE KEY `num_mesa` (`num_mesa`);

--
-- Indices de la tabla `motivo_fallas`
--
ALTER TABLE `motivo_fallas`
  ADD PRIMARY KEY (`id`);

--
-- Indices de la tabla `pareja_rechequeadores_embaladores`
--
ALTER TABLE `pareja_rechequeadores_embaladores`
  ADD PRIMARY KEY (`id`),
  ADD KEY `id_mesa` (`id_mesa`),
  ADD KEY `id_rechequeador` (`id_rechequeador`),
  ADD KEY `id_embalador` (`id_embalador`);

--
-- Indices de la tabla `pedidos`
--
ALTER TABLE `pedidos`
  ADD PRIMARY KEY (`id_pedido`),
  ADD UNIQUE KEY `numero_pedido` (`numero_pedido`),
  ADD KEY `id_ruta` (`id_ruta`),
  ADD KEY `distribuidor_pedidos` (`distribuidor_pedidos`);

--
-- Indices de la tabla `pedidos_d_r_e`
--
ALTER TABLE `pedidos_d_r_e`
  ADD PRIMARY KEY (`id`),
  ADD KEY `id_pedido` (`id_pedido`),
  ADD KEY `id_despachador` (`id_despachador`),
  ADD KEY `id_rechequeador` (`id_rechequeador`),
  ADD KEY `id_embalador` (`id_embalador`);

--
-- Indices de la tabla `privilegios`
--
ALTER TABLE `privilegios`
  ADD PRIMARY KEY (`id`),
  ADD UNIQUE KEY `accion` (`accion`);

--
-- Indices de la tabla `roles`
--
ALTER TABLE `roles`
  ADD PRIMARY KEY (`id`);

--
-- Indices de la tabla `roles_privilegios`
--
ALTER TABLE `roles_privilegios`
  ADD PRIMARY KEY (`id`),
  ADD KEY `id_priveilegio` (`id_privilegio`),
  ADD KEY `id_role` (`id_role`);

--
-- Indices de la tabla `rutas`
--
ALTER TABLE `rutas`
  ADD PRIMARY KEY (`id`);

--
-- Indices de la tabla `salida_excepcional_articulos`
--
ALTER TABLE `salida_excepcional_articulos`
  ADD PRIMARY KEY (`id`),
  ADD KEY `id_lote` (`id_lote`),
  ADD KEY `id_accounts` (`id_accounts`);

--
-- Indices de la tabla `salida_existencia_lotes_productos`
--
ALTER TABLE `salida_existencia_lotes_productos`
  ADD PRIMARY KEY (`id`),
  ADD KEY `id_lote` (`id_lote`),
  ADD KEY `id_accounts` (`id_accounts`),
  ADD KEY `pasillero` (`pasillero`);

--
-- AUTO_INCREMENT de las tablas volcadas
--

--
-- AUTO_INCREMENT de la tabla `accounts`
--
ALTER TABLE `accounts`
  MODIFY `id_account` int(11) NOT NULL AUTO_INCREMENT, AUTO_INCREMENT=77;

--
-- AUTO_INCREMENT de la tabla `articulos`
--
ALTER TABLE `articulos`
  MODIFY `art` bigint(20) NOT NULL AUTO_INCREMENT;

--
-- AUTO_INCREMENT de la tabla `departamento`
--
ALTER TABLE `departamento`
  MODIFY `id` int(11) NOT NULL AUTO_INCREMENT, AUTO_INCREMENT=5;

--
-- AUTO_INCREMENT de la tabla `empleados`
--
ALTER TABLE `empleados`
  MODIFY `id` int(11) NOT NULL AUTO_INCREMENT, AUTO_INCREMENT=238;

--
-- AUTO_INCREMENT de la tabla `entrada_existencia_lotes_productos`
--
ALTER TABLE `entrada_existencia_lotes_productos`
  MODIFY `id` int(11) NOT NULL AUTO_INCREMENT;

--
-- AUTO_INCREMENT de la tabla `fallas_despachador`
--
ALTER TABLE `fallas_despachador`
  MODIFY `id` bigint(20) NOT NULL AUTO_INCREMENT, AUTO_INCREMENT=276;

--
-- AUTO_INCREMENT de la tabla `lotes`
--
ALTER TABLE `lotes`
  MODIFY `id` int(11) NOT NULL AUTO_INCREMENT;

--
-- AUTO_INCREMENT de la tabla `mesas_rechequeadoras`
--
ALTER TABLE `mesas_rechequeadoras`
  MODIFY `id` int(11) NOT NULL AUTO_INCREMENT, AUTO_INCREMENT=22;

--
-- AUTO_INCREMENT de la tabla `motivo_fallas`
--
ALTER TABLE `motivo_fallas`
  MODIFY `id` int(11) NOT NULL AUTO_INCREMENT, AUTO_INCREMENT=4;

--
-- AUTO_INCREMENT de la tabla `pareja_rechequeadores_embaladores`
--
ALTER TABLE `pareja_rechequeadores_embaladores`
  MODIFY `id` int(11) NOT NULL AUTO_INCREMENT, AUTO_INCREMENT=81;

--
-- AUTO_INCREMENT de la tabla `pedidos`
--
ALTER TABLE `pedidos`
  MODIFY `id_pedido` bigint(20) NOT NULL AUTO_INCREMENT, AUTO_INCREMENT=2843;

--
-- AUTO_INCREMENT de la tabla `pedidos_d_r_e`
--
ALTER TABLE `pedidos_d_r_e`
  MODIFY `id` bigint(20) NOT NULL AUTO_INCREMENT, AUTO_INCREMENT=2585;

--
-- AUTO_INCREMENT de la tabla `privilegios`
--
ALTER TABLE `privilegios`
  MODIFY `id` int(11) NOT NULL AUTO_INCREMENT, AUTO_INCREMENT=25;

--
-- AUTO_INCREMENT de la tabla `roles`
--
ALTER TABLE `roles`
  MODIFY `id` int(11) NOT NULL AUTO_INCREMENT, AUTO_INCREMENT=7;

--
-- AUTO_INCREMENT de la tabla `roles_privilegios`
--
ALTER TABLE `roles_privilegios`
  MODIFY `id` int(11) NOT NULL AUTO_INCREMENT, AUTO_INCREMENT=66;

--
-- AUTO_INCREMENT de la tabla `rutas`
--
ALTER TABLE `rutas`
  MODIFY `id` int(11) NOT NULL AUTO_INCREMENT, AUTO_INCREMENT=84;

--
-- AUTO_INCREMENT de la tabla `salida_excepcional_articulos`
--
ALTER TABLE `salida_excepcional_articulos`
  MODIFY `id` int(11) NOT NULL AUTO_INCREMENT;

--
-- AUTO_INCREMENT de la tabla `salida_existencia_lotes_productos`
--
ALTER TABLE `salida_existencia_lotes_productos`
  MODIFY `id` int(11) NOT NULL AUTO_INCREMENT;

--
-- Restricciones para tablas volcadas
--

--
-- Filtros para la tabla `accounts`
--
ALTER TABLE `accounts`
  ADD CONSTRAINT `accounts_ibfk_1` FOREIGN KEY (`id_empleado`) REFERENCES `empleados` (`id`),
  ADD CONSTRAINT `accounts_ibfk_2` FOREIGN KEY (`role_id`) REFERENCES `roles` (`id`);

--
-- Filtros para la tabla `entrada_existencia_lotes_productos`
--
ALTER TABLE `entrada_existencia_lotes_productos`
  ADD CONSTRAINT `entrada_existencia_lotes_productos_ibfk_1` FOREIGN KEY (`id_accounts`) REFERENCES `accounts` (`id_account`),
  ADD CONSTRAINT `entrada_existencia_lotes_productos_ibfk_2` FOREIGN KEY (`id_lote`) REFERENCES `lotes` (`id`);

--
-- Filtros para la tabla `fallas_despachador`
--
ALTER TABLE `fallas_despachador`
  ADD CONSTRAINT `fallas_despachador_ibfk_1` FOREIGN KEY (`motivo`) REFERENCES `motivo_fallas` (`id`),
  ADD CONSTRAINT `fallas_despachador_ibfk_2` FOREIGN KEY (`despachador`) REFERENCES `empleados` (`id`),
  ADD CONSTRAINT `fallas_despachador_ibfk_3` FOREIGN KEY (`id_pedido_d_r_e`) REFERENCES `pedidos_d_r_e` (`id`);

--
-- Filtros para la tabla `lotes`
--
ALTER TABLE `lotes`
  ADD CONSTRAINT `lotes_ibfk_1` FOREIGN KEY (`art`) REFERENCES `articulos` (`art`);

--
-- Filtros para la tabla `pareja_rechequeadores_embaladores`
--
ALTER TABLE `pareja_rechequeadores_embaladores`
  ADD CONSTRAINT `pareja_rechequeadores_embaladores_ibfk_1` FOREIGN KEY (`id_mesa`) REFERENCES `mesas_rechequeadoras` (`id`),
  ADD CONSTRAINT `pareja_rechequeadores_embaladores_ibfk_2` FOREIGN KEY (`id_rechequeador`) REFERENCES `accounts` (`id_account`),
  ADD CONSTRAINT `pareja_rechequeadores_embaladores_ibfk_3` FOREIGN KEY (`id_embalador`) REFERENCES `empleados` (`id`);

--
-- Filtros para la tabla `pedidos`
--
ALTER TABLE `pedidos`
  ADD CONSTRAINT `pedidos_ibfk_1` FOREIGN KEY (`id_ruta`) REFERENCES `rutas` (`id`),
  ADD CONSTRAINT `pedidos_ibfk_5` FOREIGN KEY (`distribuidor_pedidos`) REFERENCES `accounts` (`id_account`);

--
-- Filtros para la tabla `pedidos_d_r_e`
--
ALTER TABLE `pedidos_d_r_e`
  ADD CONSTRAINT `pedidos_d_r_e_ibfk_1` FOREIGN KEY (`id_pedido`) REFERENCES `pedidos` (`id_pedido`),
  ADD CONSTRAINT `pedidos_d_r_e_ibfk_2` FOREIGN KEY (`id_despachador`) REFERENCES `empleados` (`id`),
  ADD CONSTRAINT `pedidos_d_r_e_ibfk_3` FOREIGN KEY (`id_rechequeador`) REFERENCES `accounts` (`id_account`),
  ADD CONSTRAINT `pedidos_d_r_e_ibfk_4` FOREIGN KEY (`id_embalador`) REFERENCES `empleados` (`id`);

--
-- Filtros para la tabla `roles_privilegios`
--
ALTER TABLE `roles_privilegios`
  ADD CONSTRAINT `roles_privilegios_ibfk_1` FOREIGN KEY (`id_role`) REFERENCES `roles` (`id`),
  ADD CONSTRAINT `roles_privilegios_ibfk_2` FOREIGN KEY (`id_privilegio`) REFERENCES `privilegios` (`id`);

--
-- Filtros para la tabla `salida_excepcional_articulos`
--
ALTER TABLE `salida_excepcional_articulos`
  ADD CONSTRAINT `salida_excepcional_articulos_ibfk_1` FOREIGN KEY (`id_lote`) REFERENCES `lotes` (`id`);

--
-- Filtros para la tabla `salida_existencia_lotes_productos`
--
ALTER TABLE `salida_existencia_lotes_productos`
  ADD CONSTRAINT `salida_existencia_lotes_productos_ibfk_1` FOREIGN KEY (`id_accounts`) REFERENCES `accounts` (`id_account`),
  ADD CONSTRAINT `salida_existencia_lotes_productos_ibfk_2` FOREIGN KEY (`id_lote`) REFERENCES `lotes` (`id`),
  ADD CONSTRAINT `salida_existencia_lotes_productos_ibfk_3` FOREIGN KEY (`pasillero`) REFERENCES `empleados` (`id`);
COMMIT;

/*!40101 SET CHARACTER_SET_CLIENT=@OLD_CHARACTER_SET_CLIENT */;
/*!40101 SET CHARACTER_SET_RESULTS=@OLD_CHARACTER_SET_RESULTS */;
/*!40101 SET COLLATION_CONNECTION=@OLD_COLLATION_CONNECTION */;
